﻿symbol,latest_price,trend,signal,reason,ai_advice,generated_at,technical_indicators,forecast_next_days
FPT,106.15,Sideways,SELL,"Thị trường sideways, RSI quá mua, nên bán",AI khuyến nghị thận trọng với FPT trong ngắn hạn. Lý do: RSI quá mua. Khuyến nghị: Chỉ đầu tư số tiền có thể chấp nhận mất. Có thể bỏ lỡ cơ hội nếu thị trường đảo chiều.,2025-10-15T09:53:15,"{'SMA7': 104.32, 'SMA30': 99.7, 'RSI14': 73.16}","[105.18, 105.36, 105.55, 105.74, 105.93]"
VNM,71.16,Sideways,HOLD,"Thị trường sideways, RSI trung tính, chờ tín hiệu rõ ràng","AI khuyến nghị giữ nguyên vị thế VNM hiện tại. Thị trường đang sideways, chờ breakout. Khuyến nghị: Chỉ đầu tư số tiền có thể chấp nhận mất. Cần kiên nhẫn chờ tín hiệu rõ ràng hơn.",2025-10-15T09:53:38,"{'SMA7': 69.99, 'SMA30': 67.98, 'RSI14': 65.99}","[72.39, 72.39, 72.4, 72.4, 72.41]"
GAS,71.98,Sideways,HOLD,"Thị trường sideways, RSI trung tính, chờ tín hiệu rõ ràng","AI khuyến nghị giữ nguyên vị thế GAS hiện tại. Thị trường đang sideways, chờ breakout. Cảnh báo: Thị trường biến động, cần theo dõi sát sao. Cần kiên nhẫn chờ tín hiệu rõ ràng hơn.",2025-10-15T10:04:55,"{'SMA7': 71.81, 'SMA30': 71.24, 'RSI14': 51.36}","[72.18, 72.18, 72.18, 72.19, 72.19]"
HPG,53.38,Sideways,BUY,"Thị trường sideways, RSI quá bán, cơ hội mua","AI nhận định HPG có tiềm năng tăng giá ngắn hạn. Các yếu tố hỗ trợ: RSI chưa quá mua. Cảnh báo: Thị trường biến động, cần theo dõi sát sao. Cần kiên nhẫn chờ tín hiệu rõ ràng hơn.",2025-10-15T10:05:14,"{'SMA7': 54.9, 'SMA30': 58.28, 'RSI14': 26.96}","[53.76, 53.66, 53.56, 53.47, 53.37]"
BVH,37.72,Uptrend,BUY,"Xu hướng tăng, RSI chưa quá mua, SMA7 > SMA30","Phân tích kỹ thuật cho thấy BVH đang trong xu hướng tích cực. Các yếu tố hỗ trợ: Xu hướng tăng rõ ràng, RSI trong vùng an toàn, SMA ngắn hạn vượt SMA dài hạn. Lưu ý: Đầu tư có rủi ro, cần quản lý vốn hợp lý. Nên đặt stop-loss để bảo vệ vốn.",2025-10-15T10:18:56,"{'SMA7': 36.89, 'SMA30': 36.28, 'RSI14': 69.66}","[37.89, 38.05, 38.22, 38.39, 38.56]"
