{
    "date": "2025-10-15",
    "records": [
        {
            "symbol": "FPT",
            "latest_price": 165.8,
            "trend": "Sideways",
            "signal": "SELL",
            "reason": "Thị trường sideways, RSI quá mua, nên bán",
            "ai_advice": "Phân tích cho thấy FPT có thể điều chỉnh giảm. Lý do: RSI quá mua. Cảnh báo: Thị trường biến động, cần theo dõi sát sao. Có thể bỏ lỡ cơ hội nếu thị trường đảo chiều.",
            "generated_at": "2025-10-15T09:05:44",
            "technical_indicators": {
                "SMA7": 163.7,
                "SMA30": 156.01,
                "RSI14": 100.0
            },
            "forecast_next_days": [
                166.37,
                167.04,
                167.72,
                168.4,
                169.08
            ]
        },
        {
            "symbol": "FPT",
            "latest_price": 165.8,
            "trend": "Sideways",
            "signal": "SELL",
            "reason": "Thị trường sideways, RSI quá mua, nên bán",
            "ai_advice": "Phân tích cho thấy FPT có thể điều chỉnh giảm. Lý do: RSI quá mua. Lưu ý: Đầu tư có rủi ro, cần quản lý vốn hợp lý. Có thể bỏ lỡ cơ hội nếu thị trường đảo chiều.",
            "generated_at": "2025-10-15T09:10:24",
            "technical_indicators": {
                "SMA7": 163.7,
                "SMA30": 156.01,
                "RSI14": 100.0
            },
            "forecast_next_days": [
                166.37,
                167.04,
                167.72,
                168.4,
                169.08
            ]
        },
        {
            "symbol": "FPT",
            "latest_price": 165.8,
            "trend": "Sideways",
            "signal": "SELL",
            "reason": "Thị trường sideways, RSI quá mua, nên bán",
            "ai_advice": "Tín hiệu bán xuất hiện cho FPT, nên xem xét chốt lời. Lý do: RSI quá mua. Cảnh báo: Thị trường biến động, cần theo dõi sát sao. Có thể bỏ lỡ cơ hội nếu thị trường đảo chiều.",
            "generated_at": "2025-10-15T09:16:12",
            "technical_indicators": {
                "SMA7": 163.7,
                "SMA30": 156.01,
                "RSI14": 100.0
            },
            "forecast_next_days": [
                166.37,
                167.04,
                167.72,
                168.4,
                169.08
            ]
        },
        {
            "symbol": "FPT",
            "latest_price": 165.8,
            "trend": "Sideways",
            "signal": "SELL",
            "reason": "Thị trường sideways, RSI quá mua, nên bán",
            "ai_advice": "AI khuyến nghị thận trọng với FPT trong ngắn hạn. Lý do: RSI quá mua. Lưu ý: Đầu tư có rủi ro, cần quản lý vốn hợp lý. Có thể bỏ lỡ cơ hội nếu thị trường đảo chiều.",
            "generated_at": "2025-10-15T09:17:21",
            "technical_indicators": {
                "SMA7": 163.7,
                "SMA30": 156.01,
                "RSI14": 100.0
            },
            "forecast_next_days": [
                166.37,
                167.04,
                167.72,
                168.4,
                169.08
            ]
        },
        {
            "symbol": "FPT",
            "latest_price": 165.8,
            "trend": "Sideways",
            "signal": "SELL",
            "reason": "Thị trường sideways, RSI quá mua, nên bán",
            "ai_advice": "AI khuyến nghị thận trọng với FPT trong ngắn hạn. Lý do: RSI quá mua. Lưu ý: Đầu tư có rủi ro, cần quản lý vốn hợp lý. Có thể bỏ lỡ cơ hội nếu thị trường đảo chiều.",
            "generated_at": "2025-10-15T09:31:15",
            "technical_indicators": {
                "SMA7": 163.7,
                "SMA30": 156.01,
                "RSI14": 100.0
            },
            "forecast_next_days": [
                166.37,
                167.04,
                167.72,
                168.4,
                169.08
            ]
        },
        {
            "symbol": "FPT",
            "latest_price": 106.15,
            "trend": "Sideways",
            "signal": "SELL",
            "reason": "Thị trường sideways, RSI quá mua, nên bán",
            "ai_advice": "AI khuyến nghị thận trọng với FPT trong ngắn hạn. Lý do: RSI quá mua. Khuyến nghị: Chỉ đầu tư số tiền có thể chấp nhận mất. Có thể bỏ lỡ cơ hội nếu thị trường đảo chiều.",
            "generated_at": "2025-10-15T09:53:15",
            "technical_indicators": {
                "SMA7": 104.32,
                "SMA30": 99.7,
                "RSI14": 73.16
            },
            "forecast_next_days": [
                105.18,
                105.36,
                105.55,
                105.74,
                105.93
            ]
        },
        {
            "symbol": "VNM",
            "latest_price": 71.16,
            "trend": "Sideways",
            "signal": "HOLD",
            "reason": "Thị trường sideways, RSI trung tính, chờ tín hiệu rõ ràng",
            "ai_advice": "AI khuyến nghị giữ nguyên vị thế VNM hiện tại. Thị trường đang sideways, chờ breakout. Khuyến nghị: Chỉ đầu tư số tiền có thể chấp nhận mất. Cần kiên nhẫn chờ tín hiệu rõ ràng hơn.",
            "generated_at": "2025-10-15T09:53:38",
            "technical_indicators": {
                "SMA7": 69.99,
                "SMA30": 67.98,
                "RSI14": 65.99
            },
            "forecast_next_days": [
                72.39,
                72.39,
                72.4,
                72.4,
                72.41
            ]
        },
        {
            "symbol": "GAS",
            "latest_price": 71.98,
            "trend": "Sideways",
            "signal": "HOLD",
            "reason": "Thị trường sideways, RSI trung tính, chờ tín hiệu rõ ràng",
            "ai_advice": "AI khuyến nghị giữ nguyên vị thế GAS hiện tại. Thị trường đang sideways, chờ breakout. Cảnh báo: Thị trường biến động, cần theo dõi sát sao. Cần kiên nhẫn chờ tín hiệu rõ ràng hơn.",
            "generated_at": "2025-10-15T10:04:55",
            "technical_indicators": {
                "SMA7": 71.81,
                "SMA30": 71.24,
                "RSI14": 51.36
            },
            "forecast_next_days": [
                72.18,
                72.18,
                72.18,
                72.19,
                72.19
            ]
        },
        {
            "symbol": "HPG",
            "latest_price": 53.38,
            "trend": "Sideways",
            "signal": "BUY",
            "reason": "Thị trường sideways, RSI quá bán, cơ hội mua",
            "ai_advice": "AI nhận định HPG có tiềm năng tăng giá ngắn hạn. Các yếu tố hỗ trợ: RSI chưa quá mua. Cảnh báo: Thị trường biến động, cần theo dõi sát sao. Cần kiên nhẫn chờ tín hiệu rõ ràng hơn.",
            "generated_at": "2025-10-15T10:05:14",
            "technical_indicators": {
                "SMA7": 54.9,
                "SMA30": 58.28,
                "RSI14": 26.96
            },
            "forecast_next_days": [
                53.76,
                53.66,
                53.56,
                53.47,
                53.37
            ]
        },
        {
            "symbol": "BVH",
            "latest_price": 37.72,
            "trend": "Sideways",
            "signal": "HOLD",
            "reason": "Thị trường sideways, RSI trung tính, chờ tín hiệu rõ ràng",
            "ai_advice": "AI khuyến nghị giữ nguyên vị thế BVH hiện tại. Thị trường đang sideways, chờ breakout. Cảnh báo: Thị trường biến động, cần theo dõi sát sao. Cần kiên nhẫn chờ tín hiệu rõ ràng hơn.",
            "generated_at": "2025-10-15T10:06:55",
            "technical_indicators": {
                "SMA7": 36.89,
                "SMA30": 36.28,
                "RSI14": 69.64
            },
            "forecast_next_days": [
                37.66,
                37.67,
                37.67,
                37.67,
                37.67
            ]
        },
        {
            "symbol": "BVH",
            "latest_price": 37.72,
            "trend": "Sideways",
            "signal": "SELL",
            "reason": "Thị trường sideways, RSI quá mua, nên bán",
            "ai_advice": "AI khuyến nghị thận trọng với BVH trong ngắn hạn. Lý do: RSI quá mua. Khuyến nghị: Chỉ đầu tư số tiền có thể chấp nhận mất. Có thể bỏ lỡ cơ hội nếu thị trường đảo chiều.",
            "generated_at": "2025-10-15T10:07:17",
            "technical_indicators": {
                "SMA7": 36.89,
                "SMA30": 36.57,
                "RSI14": 73.78
            },
            "forecast_next_days": [
                37.26,
                37.34,
                37.42,
                37.5,
                37.59
            ]
        },
        {
            "symbol": "BVH",
            "latest_price": 37.72,
            "trend": "Uptrend",
            "signal": "BUY",
            "reason": "Xu hướng tăng, RSI chưa quá mua, SMA7 > SMA30",
            "ai_advice": "Phân tích kỹ thuật cho thấy BVH đang trong xu hướng tích cực. Các yếu tố hỗ trợ: Xu hướng tăng rõ ràng, RSI trong vùng an toàn, SMA ngắn hạn vượt SMA dài hạn. Lưu ý: Đầu tư có rủi ro, cần quản lý vốn hợp lý. Nên đặt stop-loss để bảo vệ vốn.",
            "generated_at": "2025-10-15T10:18:56",
            "technical_indicators": {
                "SMA7": 36.89,
                "SMA30": 36.28,
                "RSI14": 69.66
            },
            "forecast_next_days": [
                37.89,
                38.05,
                38.22,
                38.39,
                38.56
            ]
        },
        {
            "symbol": "BVH",
            "latest_price": 37.72,
            "trend": "Sideways",
            "signal": "HOLD",
            "reason": "Thị trường sideways, RSI trung tính, chờ tín hiệu rõ ràng",
            "ai_advice": "Tín hiệu chưa rõ ràng cho BVH, nên quan sát thêm. Thị trường đang sideways, chờ breakout. Cảnh báo: Thị trường biến động, cần theo dõi sát sao. Cần kiên nhẫn chờ tín hiệu rõ ràng hơn.",
            "generated_at": "2025-10-15T20:10:15",
            "technical_indicators": {
                "SMA7": 36.89,
                "SMA30": 36.28,
                "RSI14": 69.64
            },
            "forecast_next_days": [
                37.52,
                37.57,
                37.61,
                37.65,
                37.7
            ]
        }
    ]
}