Date,Symbol,Open,High,Low,Close,Volume
2023-01-20,STB,32.54,32.81,32.36,32.55,1868031
2023-01-21,STB,33.98,34.32,33.71,34.03,1402059
2023-01-22,STB,33.74,33.98,33.59,33.69,3407569
2023-01-23,STB,33.82,33.9,33.57,33.8,1169105
2023-01-24,STB,33.39,33.71,33.02,33.36,4469539
2023-01-25,STB,34.1,34.35,33.85,34.0,3094611
2023-01-26,STB,35.13,35.31,34.84,35.05,3613184
2023-01-27,STB,34.05,34.12,33.86,33.97,3620303
2023-01-28,STB,33.45,33.74,33.25,33.45,4682770
2023-01-29,STB,34.07,34.25,33.74,34.01,3862764
2023-01-30,STB,35.97,36.12,35.52,35.84,1879152
2023-01-31,STB,36.01,36.27,35.8,36.17,3714635
2023-02-01,STB,35.66,35.78,35.42,35.61,1994818
2023-02-02,STB,36.87,37.02,36.64,36.79,1422017
2023-02-03,STB,36.05,36.34,35.71,35.93,2629775
2023-02-04,STB,38.02,38.35,37.7,38.02,4519331
2023-02-05,STB,38.33,38.67,38.09,38.25,1147343
2023-02-06,STB,39.96,40.26,39.75,39.93,5460537
2023-02-07,STB,40.9,41.18,40.67,40.83,4652471
2023-02-08,STB,39.16,39.31,38.84,39.1,2601007
2023-02-09,STB,39.1,39.46,38.74,39.04,4136950
2023-02-10,STB,38.22,38.66,37.92,38.34,905383
2023-02-11,STB,38.37,38.68,38.27,38.56,4490618
2023-02-12,STB,38.45,38.56,38.12,38.41,4601628
2023-02-13,STB,37.86,38.09,37.5,37.99,4422560
2023-02-14,STB,38.38,38.67,38.17,38.32,4084905
2023-02-15,STB,38.39,38.73,37.9,38.27,4783540
2023-02-16,STB,38.53,38.63,38.27,38.48,2856826
2023-02-17,STB,38.43,38.87,38.19,38.52,3428866
2023-02-18,STB,37.47,37.79,37.28,37.62,1741583
2023-02-19,STB,38.06,38.41,37.9,38.09,4113510
2023-02-20,STB,36.06,36.4,35.86,36.13,3899030
2023-02-21,STB,35.65,36.0,35.27,35.58,3707726
2023-02-22,STB,34.91,35.19,34.64,35.03,1819142
2023-02-23,STB,35.21,35.42,34.99,35.2,4768446
2023-02-24,STB,35.67,36.0,35.34,35.68,2074344
2023-02-25,STB,35.51,35.89,35.21,35.55,1821341
2023-02-26,STB,37.33,37.51,37.21,37.38,1258974
2023-02-27,STB,36.63,36.85,36.49,36.62,1651780
2023-02-28,STB,37.11,37.49,37.0,37.16,4351567
2023-03-01,STB,37.34,37.64,36.97,37.36,3697292
2023-03-02,STB,37.44,37.88,37.26,37.54,2400829
2023-03-03,STB,36.73,36.88,36.39,36.71,3805963
2023-03-04,STB,35.85,36.08,35.62,35.8,4079419
2023-03-05,STB,35.64,36.0,35.36,35.74,4267520
2023-03-06,STB,34.55,34.65,34.26,34.47,3372174
2023-03-07,STB,35.14,35.41,34.89,35.12,1962502
2023-03-08,STB,35.56,35.85,35.39,35.57,3825803
2023-03-09,STB,35.28,35.62,34.98,35.23,3978342
2023-03-10,STB,35.42,35.73,35.06,35.38,1311426
2023-03-11,STB,33.94,34.27,33.65,33.9,2024994
2023-03-12,STB,34.7,34.86,34.41,34.75,1434714
2023-03-13,STB,33.91,34.22,33.67,33.86,2742672
2023-03-14,STB,33.9,34.09,33.74,33.92,2101889
2023-03-15,STB,33.27,33.37,32.95,33.19,4664185
2023-03-16,STB,32.47,32.72,32.38,32.58,4852979
2023-03-17,STB,31.66,31.75,31.36,31.64,4479605
2023-03-18,STB,30.71,30.94,30.47,30.75,3095772
2023-03-19,STB,30.05,30.14,29.91,29.99,2898929
2023-03-20,STB,29.56,29.73,29.28,29.6,1959157
2023-03-21,STB,29.41,29.58,29.14,29.42,4761525
2023-03-22,STB,30.22,30.46,29.98,30.24,1619052
2023-03-23,STB,30.5,30.76,30.37,30.51,975189
2023-03-24,STB,31.08,31.3,30.96,31.17,3983237
2023-03-25,STB,31.84,32.07,31.62,31.78,1192084
2023-03-26,STB,31.62,31.81,31.4,31.64,3879349
2023-03-27,STB,31.5,31.81,31.25,31.48,984984
2023-03-28,STB,31.53,31.65,31.21,31.46,3984611
2023-03-29,STB,31.57,31.83,31.25,31.53,1421824
2023-03-30,STB,30.92,31.18,30.75,30.95,2673011
2023-03-31,STB,32.35,32.61,32.02,32.24,1023552
2023-04-01,STB,30.63,30.74,30.49,30.65,3296804
2023-04-02,STB,30.35,30.51,30.14,30.39,1525216
2023-04-03,STB,30.62,30.83,30.47,30.57,1209560
2023-04-04,STB,29.03,29.22,28.83,29.07,1723207
2023-04-05,STB,29.38,29.44,29.12,29.24,2562612
2023-04-06,STB,29.34,29.64,29.27,29.46,4906950
2023-04-07,STB,29.66,29.94,29.38,29.74,4610361
2023-04-08,STB,28.99,29.08,28.83,29.02,1757598
2023-04-09,STB,29.29,29.56,29.03,29.26,4530556
2023-04-10,STB,30.93,31.15,30.67,30.99,2781070
2023-04-11,STB,31.27,31.51,30.97,31.41,3755289
2023-04-12,STB,30.82,30.89,30.56,30.76,4761583
2023-04-13,STB,31.15,31.4,30.84,31.16,2495019
2023-04-14,STB,30.48,30.7,30.33,30.42,3020754
2023-04-15,STB,30.94,31.29,30.84,31.0,4838733
2023-04-16,STB,29.94,30.19,29.64,29.93,2489502
2023-04-17,STB,30.27,30.45,30.03,30.23,2824778
2023-04-18,STB,30.51,30.7,30.31,30.57,2318383
2023-04-19,STB,32.83,32.94,32.59,32.75,4159512
2023-04-20,STB,32.66,32.83,32.4,32.67,2405662
2023-04-21,STB,32.73,32.84,32.5,32.74,2824763
2023-04-22,STB,33.1,33.34,32.97,33.04,1661441
2023-04-23,STB,33.33,33.54,33.09,33.25,2646851
2023-04-24,STB,32.37,32.63,32.05,32.36,4082065
2023-04-25,STB,33.77,33.88,33.48,33.74,1375914
2023-04-26,STB,32.57,32.89,32.37,32.65,2375818
2023-04-27,STB,33.19,33.42,33.03,33.16,2730339
2023-04-28,STB,32.33,32.4,32.05,32.22,1523750
2023-04-29,STB,32.32,32.56,32.07,32.35,3108596
2023-04-30,STB,31.33,31.51,31.03,31.27,3904844
2023-05-01,STB,30.8,31.17,30.73,30.89,3418722
2023-05-02,STB,31.38,31.64,31.26,31.34,3162766
2023-05-03,STB,30.4,30.67,30.15,30.49,2266136
2023-05-04,STB,30.71,30.81,30.5,30.65,2763724
2023-05-05,STB,30.62,30.77,30.41,30.64,4784809
2023-05-06,STB,29.5,29.86,29.25,29.6,4445778
2023-05-07,STB,30.02,30.17,29.82,30.08,4396824
2023-05-08,STB,30.52,30.59,30.21,30.44,1014905
2023-05-09,STB,30.58,30.87,30.37,30.53,1730555
2023-05-10,STB,30.74,30.93,30.43,30.72,3035029
2023-05-11,STB,30.86,31.21,30.57,30.96,1305059
2023-05-12,STB,29.86,30.19,29.66,29.92,3437830
2023-05-13,STB,28.88,28.96,28.76,28.84,3058088
2023-05-14,STB,30.65,30.76,30.47,30.68,5658338
2023-05-15,STB,29.98,30.18,29.89,29.99,2548829
2023-05-16,STB,29.14,29.24,28.96,29.16,5007901
2023-05-17,STB,29.03,29.25,28.86,29.06,4187738
2023-05-18,STB,28.78,29.02,28.62,28.76,1558714
2023-05-19,STB,29.84,29.91,29.72,29.8,4168187
2023-05-20,STB,30.99,31.26,30.63,30.86,3180295
2023-05-21,STB,31.69,31.85,31.57,31.74,1634806
2023-05-22,STB,32.35,32.65,32.18,32.35,4183938
2023-05-23,STB,32.81,32.92,32.56,32.8,2547058
2023-05-24,STB,33.12,33.37,32.85,33.12,1484598
2023-05-25,STB,34.25,34.47,33.99,34.34,1667905
2023-05-26,STB,34.9,35.07,34.56,34.84,1956432
2023-05-27,STB,34.57,34.65,34.25,34.54,4208335
2023-05-28,STB,34.26,34.43,34.03,34.21,3366023
2023-05-29,STB,34.33,34.75,34.15,34.41,4300392
2023-05-30,STB,33.39,33.51,33.13,33.38,1784388
2023-05-31,STB,33.36,33.6,33.18,33.46,4135852
2023-06-01,STB,32.11,32.34,31.86,32.05,2384623
2023-06-02,STB,30.74,30.98,30.65,30.74,3130729
2023-06-03,STB,32.2,32.45,32.0,32.24,3490611
2023-06-04,STB,32.48,32.63,32.29,32.44,3540143
2023-06-05,STB,33.3,33.62,33.1,33.34,4356226
2023-06-06,STB,32.9,33.09,32.81,32.93,1703655
2023-06-07,STB,32.82,33.05,32.68,32.79,3807681
2023-06-08,STB,32.31,32.44,32.08,32.24,3458573
2023-06-09,STB,32.98,33.17,32.88,33.05,5188086
2023-06-10,STB,33.69,33.92,33.51,33.69,2672865
2023-06-11,STB,33.65,33.94,33.42,33.68,3534401
2023-06-12,STB,34.74,34.85,34.36,34.68,4398069
2023-06-13,STB,34.63,34.87,34.48,34.57,4593517
2023-06-14,STB,34.73,35.02,34.51,34.93,3078708
2023-06-15,STB,35.81,35.97,35.65,35.78,5160848
2023-06-16,STB,36.39,36.73,36.28,36.43,3404779
2023-06-17,STB,36.53,36.73,36.21,36.49,3172246
2023-06-18,STB,36.91,37.28,36.7,36.82,2789594
2023-06-19,STB,36.94,37.16,36.62,36.96,1196266
2023-06-20,STB,36.23,36.68,35.98,36.4,5052111
2023-06-21,STB,37.19,37.46,37.01,37.27,1094206
2023-06-22,STB,35.15,35.52,34.84,35.18,1087164
2023-06-23,STB,35.58,35.87,35.37,35.56,4976670
2023-06-24,STB,36.18,36.39,35.97,36.18,3579981
2023-06-25,STB,35.26,35.38,35.06,35.26,2301565
2023-06-26,STB,35.93,36.22,35.78,36.03,5036110
2023-06-27,STB,37.27,37.61,37.07,37.19,3130702
2023-06-28,STB,36.92,37.31,36.72,36.96,2541203
2023-06-29,STB,37.42,37.75,37.17,37.47,1590554
2023-06-30,STB,38.61,38.73,38.39,38.58,3307893
2023-07-01,STB,38.52,38.89,38.34,38.51,3602885
2023-07-02,STB,37.97,38.08,37.63,37.98,2281467
2023-07-03,STB,39.37,39.61,39.12,39.39,4388972
2023-07-04,STB,40.13,40.45,39.74,40.19,4862899
2023-07-05,STB,40.4,40.66,40.02,40.44,2834761
2023-07-06,STB,40.74,41.03,40.44,40.71,2019757
2023-07-07,STB,40.39,40.77,39.94,40.26,4721930
2023-07-08,STB,40.26,40.65,40.12,40.27,3351898
2023-07-09,STB,40.86,41.17,40.55,40.98,2879394
2023-07-10,STB,40.21,40.53,39.79,40.19,5202083
2023-07-11,STB,41.39,41.75,41.28,41.4,3464493
2023-07-12,STB,41.51,41.76,41.36,41.46,4071512
2023-07-13,STB,40.57,40.93,40.34,40.57,3048446
2023-07-14,STB,40.93,41.17,40.63,41.03,5021924
2023-07-15,STB,41.25,41.37,41.05,41.29,2041565
2023-07-16,STB,39.47,39.69,39.18,39.47,2993865
2023-07-17,STB,39.7,39.89,39.27,39.54,3672324
2023-07-18,STB,40.61,40.9,40.37,40.64,1904555
2023-07-19,STB,40.48,40.87,40.08,40.5,1768325
2023-07-20,STB,40.58,40.82,40.4,40.6,1741745
2023-07-21,STB,39.58,39.75,39.34,39.66,5248979
2023-07-22,STB,40.08,40.18,39.66,40.04,1710208
2023-07-23,STB,38.56,38.77,38.37,38.5,5425335
2023-07-24,STB,37.64,37.99,37.41,37.69,2546798
2023-07-25,STB,36.85,37.07,36.64,36.96,2229003
2023-07-26,STB,36.66,36.91,36.27,36.55,2123707
2023-07-27,STB,36.27,36.44,36.07,36.29,967524
2023-07-28,STB,34.25,34.37,33.9,34.2,4073141
2023-07-29,STB,34.07,34.22,33.92,34.09,2668212
2023-07-30,STB,34.68,34.81,34.48,34.62,3023603
2023-07-31,STB,34.46,34.68,34.21,34.42,2218951
2023-08-01,STB,34.72,34.82,34.31,34.65,3703680
2023-08-02,STB,35.1,35.33,34.73,35.06,1370781
2023-08-03,STB,34.46,34.7,34.37,34.51,1574449
2023-08-04,STB,34.1,34.4,33.81,34.17,3495127
2023-08-05,STB,32.63,32.96,32.33,32.71,1596838
2023-08-06,STB,33.91,34.0,33.79,33.93,5564019
2023-08-07,STB,34.65,35.0,34.43,34.6,2449855
2023-08-08,STB,35.56,35.75,35.37,35.58,4174862
2023-08-09,STB,33.66,33.97,33.59,33.69,3205318
2023-08-10,STB,33.52,33.64,33.41,33.51,4550037
2023-08-11,STB,32.74,33.01,32.65,32.86,1931702
2023-08-12,STB,34.62,34.95,34.32,34.62,1275642
2023-08-13,STB,34.07,34.28,33.92,34.01,2629684
2023-08-14,STB,34.19,34.36,33.98,34.11,2896824
2023-08-15,STB,34.31,34.4,34.09,34.29,3630481
2023-08-16,STB,35.25,35.44,35.1,35.28,3191697
2023-08-17,STB,35.27,35.65,34.98,35.32,825068
2023-08-18,STB,34.52,34.78,34.35,34.54,989360
2023-08-19,STB,34.76,34.9,34.6,34.78,3179165
2023-08-20,STB,34.27,34.62,34.01,34.36,2227342
2023-08-21,STB,34.43,34.75,34.11,34.41,3592422
2023-08-22,STB,34.28,34.64,34.16,34.37,925310
2023-08-23,STB,34.9,35.22,34.72,34.89,2074281
2023-08-24,STB,33.09,33.23,32.84,33.08,1879502
2023-08-25,STB,33.13,33.23,33.01,33.11,1577944
2023-08-26,STB,34.25,34.45,33.99,34.17,3395112
2023-08-27,STB,34.52,34.84,34.33,34.5,2237293
2023-08-28,STB,34.11,34.22,34.0,34.09,3830251
2023-08-29,STB,34.68,35.18,34.49,34.85,4640264
2023-08-30,STB,37.15,37.55,36.79,37.2,2917709
2023-08-31,STB,37.84,38.12,37.64,37.93,4992627
2023-09-01,STB,39.13,39.24,39.03,39.14,3050258
2023-09-02,STB,38.25,38.54,38.01,38.24,5335312
2023-09-03,STB,38.83,39.24,38.66,38.94,2701872
2023-09-04,STB,38.51,38.64,38.2,38.55,4057268
2023-09-05,STB,38.07,38.19,37.96,38.07,3849902
2023-09-06,STB,36.97,37.22,36.52,36.89,4959776
2023-09-07,STB,37.17,37.37,36.96,37.18,2840593
2023-09-08,STB,36.5,36.69,36.1,36.42,1570917
2023-09-09,STB,35.43,35.75,35.33,35.54,2287131
2023-09-10,STB,35.78,36.0,35.6,35.78,4364663
2023-09-11,STB,36.11,36.2,35.9,36.11,2020399
2023-09-12,STB,35.96,36.27,35.82,36.08,3454008
2023-09-13,STB,36.46,36.8,36.05,36.41,2369215
2023-09-14,STB,34.99,35.11,34.68,34.97,3312475
2023-09-15,STB,34.81,35.0,34.48,34.87,1600199
2023-09-16,STB,36.1,36.43,35.8,36.1,2583806
2023-09-17,STB,34.74,35.01,34.42,34.87,1288331
2023-09-18,STB,36.58,36.7,36.19,36.53,3887026
2023-09-19,STB,36.97,37.2,36.46,36.81,4952006
2023-09-20,STB,37.12,37.51,36.92,37.16,4354027
2023-09-21,STB,36.26,36.34,36.01,36.26,4349137
2023-09-22,STB,36.78,37.06,36.49,36.76,3148316
2023-09-23,STB,35.34,35.47,35.0,35.38,4929903
2023-09-24,STB,35.31,35.56,35.2,35.31,3761180
2023-09-25,STB,36.31,36.46,36.03,36.12,4299011
2023-09-26,STB,35.48,35.65,35.18,35.4,2173530
2023-09-27,STB,37.03,37.38,36.73,37.0,2015817
2023-09-28,STB,37.81,38.02,37.59,37.88,2276102
2023-09-29,STB,38.09,38.31,37.77,37.98,1916622
2023-09-30,STB,36.92,37.07,36.59,36.93,3769678
2023-10-01,STB,38.02,38.23,37.65,38.02,4162322
2023-10-02,STB,39.05,39.16,38.8,38.98,4996502
2023-10-03,STB,40.04,40.28,39.7,40.03,1066241
2023-10-04,STB,39.32,39.49,39.07,39.24,4001500
2023-10-05,STB,38.09,38.35,37.72,38.0,3795689
2023-10-06,STB,36.97,37.33,36.73,36.95,4312130
2023-10-07,STB,37.12,37.23,36.8,37.02,3465219
2023-10-08,STB,36.91,37.17,36.54,36.86,1152739
2023-10-09,STB,35.73,36.01,35.4,35.72,3030096
2023-10-10,STB,35.77,35.94,35.45,35.76,2126297
2023-10-11,STB,35.62,35.94,35.27,35.61,3980054
2023-10-12,STB,34.76,35.12,34.56,34.77,3188496
2023-10-13,STB,34.34,34.46,34.19,34.28,2795970
2023-10-14,STB,35.05,35.18,34.86,34.94,5070205
2023-10-15,STB,38.27,38.48,37.79,38.07,3320534
2023-10-16,STB,35.28,35.44,34.97,35.36,2035655
2023-10-17,STB,34.82,35.01,34.54,34.74,1617284
2023-10-18,STB,33.75,34.1,33.43,33.79,1615314
2023-10-19,STB,35.16,35.49,35.07,35.26,3745473
2023-10-20,STB,35.75,35.92,35.53,35.66,1763990
2023-10-21,STB,36.24,36.51,36.15,36.24,4351790
2023-10-22,STB,37.77,38.11,37.44,37.8,2807872
2023-10-23,STB,36.55,36.71,36.28,36.51,1076404
2023-10-24,STB,36.68,37.04,36.29,36.59,3823551
2023-10-25,STB,37.13,37.58,36.9,37.32,4656542
2023-10-26,STB,37.76,37.95,37.63,37.8,1812144
2023-10-27,STB,38.87,38.99,38.51,38.74,4064343
2023-10-28,STB,38.0,38.17,37.72,38.01,2657682
2023-10-29,STB,37.47,37.78,37.28,37.54,4508969
2023-10-30,STB,38.76,38.99,38.35,38.68,2498779
2023-10-31,STB,38.79,39.13,38.43,38.59,1469980
2023-11-01,STB,39.72,40.02,39.35,39.68,5441183
2023-11-02,STB,39.67,40.04,39.41,39.71,3273667
2023-11-03,STB,39.65,39.84,39.29,39.54,4006547
2023-11-04,STB,41.1,41.5,40.84,41.0,2838742
2023-11-05,STB,41.49,41.78,41.4,41.54,4508643
2023-11-06,STB,41.67,41.96,41.39,41.82,4142369
2023-11-07,STB,41.91,42.45,41.65,42.04,3469324
2023-11-08,STB,43.54,44.01,43.27,43.58,4036338
2023-11-09,STB,44.12,44.34,43.79,44.09,2140334
2023-11-10,STB,44.4,44.78,43.97,44.42,4848734
2023-11-11,STB,44.66,45.16,44.23,44.73,2092376
2023-11-12,STB,44.53,44.73,44.05,44.45,2390668
2023-11-13,STB,45.23,45.41,45.03,45.23,898886
2023-11-14,STB,46.14,46.59,45.95,46.21,2409858
2023-11-15,STB,47.36,47.69,47.04,47.25,3542375
2023-11-16,STB,47.02,47.2,46.89,47.06,836571
2023-11-17,STB,48.34,48.57,47.89,48.35,5039657
2023-11-18,STB,46.59,46.88,46.4,46.67,1704077
2023-11-19,STB,47.25,47.63,47.08,47.24,4640235
2023-11-20,STB,46.27,46.59,45.98,46.09,2352209
2023-11-21,STB,45.84,45.97,45.65,45.85,3308084
2023-11-22,STB,43.76,43.97,43.59,43.85,1240510
2023-11-23,STB,43.99,44.2,43.68,43.89,2560980
2023-11-24,STB,43.05,43.25,42.77,43.13,887175
2023-11-25,STB,42.22,42.38,41.96,42.19,2820231
2023-11-26,STB,41.33,41.53,40.96,41.4,2933989
2023-11-27,STB,40.77,41.17,40.45,40.74,5139547
2023-11-28,STB,42.02,42.27,41.53,41.72,904731
2023-11-29,STB,39.88,40.14,39.7,39.96,1779790
2023-11-30,STB,39.88,40.1,39.53,40.01,3679264
2023-12-01,STB,40.41,40.63,40.12,40.51,4592531
2023-12-02,STB,39.64,39.97,39.32,39.82,1338196
2023-12-03,STB,38.68,39.18,38.56,38.85,1102630
2023-12-04,STB,39.63,40.02,39.42,39.59,4859858
2023-12-05,STB,39.56,39.93,39.3,39.6,1745292
2023-12-06,STB,40.01,40.38,39.69,40.12,5078608
2023-12-07,STB,40.23,40.52,40.0,40.26,2128951
2023-12-08,STB,39.4,39.76,39.13,39.43,3395471
2023-12-09,STB,38.33,38.49,38.03,38.41,5410203
2023-12-10,STB,38.15,38.53,37.9,38.17,3461502
2023-12-11,STB,39.18,39.36,38.81,39.2,920823
2023-12-12,STB,37.87,38.13,37.59,37.79,2512418
2023-12-13,STB,38.13,38.23,37.68,38.02,2838762
2023-12-14,STB,37.55,37.74,37.41,37.59,1897468
2023-12-15,STB,36.45,36.64,36.26,36.43,982779
2023-12-16,STB,36.15,36.6,35.95,36.24,4830034
2023-12-17,STB,37.49,37.73,37.16,37.46,4585437
2023-12-18,STB,37.24,37.42,37.04,37.33,2353474
2023-12-19,STB,36.07,36.42,35.82,36.12,2695473
2023-12-20,STB,35.94,36.27,35.59,35.83,1186334
2023-12-21,STB,37.17,37.36,36.96,37.19,1101837
2023-12-22,STB,37.05,37.28,36.62,36.99,4400065
2023-12-23,STB,36.38,36.51,35.95,36.28,2026761
2023-12-24,STB,36.34,36.7,36.04,36.26,2434914
2023-12-25,STB,38.08,38.36,37.87,37.97,3454601
2023-12-26,STB,39.05,39.26,38.92,39.02,3145788
2023-12-27,STB,37.97,38.26,37.63,37.96,2220608
2023-12-28,STB,37.53,37.85,37.35,37.51,2031181
2023-12-29,STB,37.61,37.91,37.53,37.69,4029637
2023-12-30,STB,37.19,37.28,36.84,37.19,2573984
2023-12-31,STB,37.57,37.94,37.34,37.67,2163840
2024-01-01,STB,38.69,38.96,38.23,38.6,4499521
2024-01-02,STB,39.67,39.87,39.32,39.68,3244330
2024-01-03,STB,38.57,38.87,38.36,38.52,4759158
2024-01-04,STB,39.7,39.92,39.43,39.71,2281834
2024-01-05,STB,38.69,38.94,38.34,38.7,2936045
2024-01-06,STB,39.18,39.46,38.92,39.17,1320508
2024-01-07,STB,40.6,40.77,40.18,40.55,2752657
2024-01-08,STB,40.75,40.9,40.57,40.75,3702647
2024-01-09,STB,40.83,40.98,40.7,40.87,2952659
2024-01-10,STB,41.26,41.58,41.16,41.29,2383830
2024-01-11,STB,39.73,40.08,39.51,39.81,1264183
2024-01-12,STB,39.93,40.01,39.57,39.83,2264526
2024-01-13,STB,38.97,39.18,38.68,39.03,3366606
2024-01-14,STB,38.51,39.0,38.24,38.65,3641434
2024-01-15,STB,38.12,38.34,37.8,38.13,3295476
2024-01-16,STB,39.29,39.51,38.95,39.29,4426630
2024-01-17,STB,38.24,38.52,38.02,38.21,2381041
2024-01-18,STB,39.13,39.43,38.93,39.19,4267140
2024-01-19,STB,37.47,37.69,37.11,37.59,4559724
2024-01-20,STB,37.68,37.94,37.33,37.69,3560225
2024-01-21,STB,38.52,38.65,38.32,38.54,4614804
2024-01-22,STB,37.9,38.35,37.53,38.06,3359681
2024-01-23,STB,37.76,38.06,37.47,37.82,3910091
2024-01-24,STB,37.68,37.97,37.48,37.76,3967743
2024-01-25,STB,38.22,38.5,37.92,38.13,2831588
2024-01-26,STB,38.23,38.43,37.94,38.25,2595521
2024-01-27,STB,38.49,38.61,38.18,38.52,2649747
2024-01-28,STB,38.9,39.28,38.67,38.87,1796374
2024-01-29,STB,38.69,38.85,38.49,38.72,4228913
2024-01-30,STB,39.1,39.32,38.78,39.2,4352968
2024-01-31,STB,39.51,39.72,39.32,39.47,3706460
2024-02-01,STB,40.96,41.14,40.75,40.97,2130574
2024-02-02,STB,41.98,42.37,41.77,41.88,4412323
2024-02-03,STB,42.19,42.37,42.03,42.25,3695258
2024-02-04,STB,41.88,42.23,41.74,41.92,3291265
2024-02-05,STB,42.66,43.18,42.24,42.89,4233519
2024-02-06,STB,42.76,42.92,42.35,42.75,2807679
2024-02-07,STB,43.37,43.56,43.03,43.42,2160578
2024-02-08,STB,42.52,42.67,42.17,42.47,4608115
2024-02-09,STB,42.85,43.07,42.39,42.73,2485253
2024-02-10,STB,42.74,43.11,42.61,42.82,4814900
2024-02-11,STB,39.07,39.37,38.93,39.03,1410915
2024-02-12,STB,41.8,42.02,41.54,41.7,1810625
2024-02-13,STB,39.99,40.15,39.64,39.94,2633924
2024-02-14,STB,40.59,40.95,40.2,40.48,3368598
2024-02-15,STB,42.46,42.7,42.08,42.51,3563161
2024-02-16,STB,42.91,43.16,42.47,42.83,2634462
2024-02-17,STB,42.58,42.75,42.25,42.45,3569090
2024-02-18,STB,41.43,41.72,41.07,41.58,4372308
2024-02-19,STB,41.79,42.27,41.62,41.86,4558955
2024-02-20,STB,42.96,43.12,42.58,42.9,4806060
2024-02-21,STB,43.28,43.4,42.93,43.28,4177302
2024-02-22,STB,44.32,44.75,44.13,44.27,1028135
2024-02-23,STB,43.41,43.68,43.23,43.34,5098061
2024-02-24,STB,42.23,42.64,41.79,42.16,2833605
2024-02-25,STB,41.12,41.47,40.78,41.07,2949163
2024-02-26,STB,42.63,42.93,42.5,42.77,2733438
2024-02-27,STB,45.11,45.45,44.75,45.13,1481216
2024-02-28,STB,46.14,46.41,45.83,46.18,1659703
2024-02-29,STB,46.78,47.27,46.58,46.83,5042335
2024-03-01,STB,46.54,47.02,46.2,46.55,2565821
2024-03-02,STB,47.61,48.01,47.16,47.52,3579809
2024-03-03,STB,47.77,48.24,47.45,47.72,2411391
2024-03-04,STB,46.52,46.87,46.35,46.66,1574835
2024-03-05,STB,46.69,46.99,46.48,46.64,2265423
2024-03-06,STB,46.61,47.05,46.44,46.55,2424139
2024-03-07,STB,46.13,46.5,45.95,46.17,1859871
2024-03-08,STB,47.11,47.56,46.87,47.09,1710097
2024-03-09,STB,48.04,48.38,47.7,47.96,1049661
2024-03-10,STB,48.96,49.24,48.35,48.82,4564745
2024-03-11,STB,50.52,50.8,50.29,50.44,4081240
2024-03-12,STB,50.37,50.94,50.0,50.55,3205187
2024-03-13,STB,50.22,50.55,49.76,50.13,1093125
2024-03-14,STB,49.29,49.62,49.09,49.19,2381712
2024-03-15,STB,48.98,49.64,48.59,49.25,4198989
2024-03-16,STB,49.1,49.36,48.71,49.0,909110
2024-03-17,STB,48.99,49.3,48.61,48.99,2245532
2024-03-18,STB,49.72,50.08,49.19,49.63,947548
2024-03-19,STB,48.51,48.91,48.1,48.55,2403190
2024-03-20,STB,46.89,47.33,46.5,46.93,4976949
2024-03-21,STB,45.72,45.89,45.35,45.76,2491771
2024-03-22,STB,46.85,47.3,46.37,46.71,4538972
2024-03-23,STB,46.67,47.0,46.31,46.63,2617525
2024-03-24,STB,46.07,46.29,45.56,45.95,4084861
2024-03-25,STB,45.83,46.04,45.57,45.83,2899745
2024-03-26,STB,46.89,47.36,46.76,46.96,2651845
2024-03-27,STB,46.47,46.69,46.1,46.44,1002886
2024-03-28,STB,46.06,46.32,45.87,46.07,1378932
2024-03-29,STB,46.95,47.24,46.63,47.02,2675309
2024-03-30,STB,45.07,45.62,44.91,45.24,4077064
2024-03-31,STB,45.14,45.39,44.96,45.16,2190136
2024-04-01,STB,45.95,46.18,45.79,45.97,1620510
2024-04-02,STB,46.36,46.5,46.17,46.35,4593852
2024-04-03,STB,44.69,44.92,44.56,44.78,5426346
2024-04-04,STB,44.69,44.93,44.27,44.57,1073930
2024-04-05,STB,42.86,43.21,42.47,42.8,4674206
2024-04-06,STB,43.65,43.78,43.55,43.64,4175887
2024-04-07,STB,43.75,43.9,43.24,43.67,2692510
2024-04-08,STB,43.49,43.71,43.36,43.46,2574146
2024-04-09,STB,43.37,43.69,43.12,43.32,4532559
2024-04-10,STB,43.59,43.88,43.23,43.59,3753233
2024-04-11,STB,42.29,42.47,42.07,42.22,2228057
2024-04-12,STB,42.31,42.74,42.2,42.41,4595976
2024-04-13,STB,42.39,42.56,42.09,42.32,1678695
2024-04-14,STB,43.45,43.58,43.08,43.47,2789944
2024-04-15,STB,44.88,45.3,44.63,44.98,1826121
2024-04-16,STB,45.85,46.08,45.61,45.79,3378294
2024-04-17,STB,46.76,46.9,46.16,46.6,1176107
2024-04-18,STB,46.46,46.96,46.12,46.61,3029952
2024-04-19,STB,47.78,47.97,47.39,47.73,1873613
2024-04-20,STB,47.99,48.18,47.8,48.0,2919053
2024-04-21,STB,48.97,49.2,48.86,49.0,4705330
2024-04-22,STB,48.46,48.69,48.13,48.46,4166275
2024-04-23,STB,48.05,48.18,47.48,47.94,2080587
2024-04-24,STB,48.78,49.28,48.38,48.84,3975405
2024-04-25,STB,49.91,50.13,49.66,49.79,4929339
2024-04-26,STB,51.62,51.84,51.16,51.54,997026
2024-04-27,STB,50.44,50.7,50.03,50.47,2724640
2024-04-28,STB,49.03,49.41,48.59,49.11,3264881
2024-04-29,STB,49.43,49.81,49.28,49.42,1924226
2024-04-30,STB,49.74,49.98,49.55,49.74,3942683
2024-05-01,STB,48.74,49.12,48.46,48.83,4917244
2024-05-02,STB,47.52,47.99,47.37,47.59,3471552
2024-05-03,STB,46.32,46.69,46.19,46.5,4229074
2024-05-04,STB,43.91,44.08,43.79,43.93,5917365
2024-05-05,STB,45.18,45.31,44.96,45.16,3999527
2024-05-06,STB,45.53,45.64,45.12,45.49,3140675
2024-05-07,STB,45.43,45.86,45.21,45.41,3348487
2024-05-08,STB,47.04,47.18,46.86,47.03,2974271
2024-05-09,STB,45.04,45.49,44.89,45.1,3673348
2024-05-10,STB,45.87,46.3,45.43,45.85,3742607
2024-05-11,STB,45.24,45.58,44.81,45.16,5228504
2024-05-12,STB,45.32,45.69,45.22,45.36,2151694
2024-05-13,STB,47.02,47.13,46.7,46.9,3155774
2024-05-14,STB,47.47,47.64,47.06,47.37,5025396
2024-05-15,STB,48.4,48.5,48.18,48.29,1227108
2024-05-16,STB,48.91,49.22,48.57,48.8,2453578
2024-05-17,STB,49.07,49.31,48.73,48.88,2820513
2024-05-18,STB,49.54,49.77,49.28,49.64,1574534
2024-05-19,STB,48.57,48.86,48.15,48.5,4091781
2024-05-20,STB,49.59,49.8,49.12,49.65,4854485
2024-05-21,STB,50.32,50.47,50.08,50.28,4327099
2024-05-22,STB,50.05,50.56,49.59,50.1,1390122
2024-05-23,STB,47.74,48.15,47.49,47.79,2173451
2024-05-24,STB,47.38,47.89,46.97,47.53,3178754
2024-05-25,STB,48.36,48.69,48.16,48.52,2842994
2024-05-26,STB,47.5,47.69,47.2,47.48,1482626
2024-05-27,STB,48.82,49.16,48.71,48.83,2624868
2024-05-28,STB,49.15,49.52,48.79,49.19,5007837
2024-05-29,STB,48.33,48.51,47.94,48.34,1172775
2024-05-30,STB,48.61,49.0,48.33,48.73,4357679
2024-05-31,STB,48.67,48.85,48.34,48.6,1882849
2024-06-01,STB,49.57,49.76,49.12,49.48,2395962
2024-06-02,STB,48.3,48.71,48.17,48.31,1294679
2024-06-03,STB,47.45,47.74,47.14,47.46,967097
2024-06-04,STB,48.51,48.91,47.96,48.42,2529437
2024-06-05,STB,47.98,48.27,47.66,48.05,2414373
2024-06-06,STB,50.38,50.72,50.16,50.38,5302341
2024-06-07,STB,48.56,48.79,48.27,48.59,2957280
2024-06-08,STB,47.36,47.53,47.17,47.3,1086151
2024-06-09,STB,46.53,46.96,46.2,46.5,2559193
2024-06-10,STB,43.83,44.07,43.55,43.94,2434448
2024-06-11,STB,44.59,44.79,44.12,44.5,3333925
2024-06-12,STB,46.7,47.0,46.19,46.6,1066938
2024-06-13,STB,48.18,48.64,47.45,47.93,3951388
2024-06-14,STB,46.27,46.77,46.04,46.38,1685427
2024-06-15,STB,47.08,47.4,46.92,47.06,1218075
2024-06-16,STB,46.64,46.78,46.45,46.68,1007223
2024-06-17,STB,46.31,46.67,46.01,46.18,3398196
2024-06-18,STB,46.53,46.71,46.06,46.32,2409778
2024-06-19,STB,45.11,45.3,44.74,44.9,2506129
2024-06-20,STB,45.53,45.87,45.23,45.46,5046326
2024-06-21,STB,44.53,44.96,44.35,44.62,2991670
2024-06-22,STB,44.33,44.58,44.18,44.35,2356511
2024-06-23,STB,44.66,44.88,44.32,44.62,2259380
2024-06-24,STB,45.73,46.18,45.34,45.73,3341100
2024-06-25,STB,46.01,46.4,45.87,46.22,2643397
2024-06-26,STB,46.75,46.99,46.15,46.58,4603782
2024-06-27,STB,44.07,44.46,43.81,44.15,1388184
2024-06-28,STB,43.56,43.95,43.32,43.61,4209843
2024-06-29,STB,43.77,43.87,43.62,43.74,2896770
2024-06-30,STB,43.67,43.9,43.21,43.65,4810573
2024-07-01,STB,43.53,43.88,43.16,43.49,2907653
2024-07-02,STB,42.78,43.05,42.46,42.73,3006177
2024-07-03,STB,43.6,43.76,43.31,43.66,4035738
2024-07-04,STB,42.54,42.69,42.39,42.49,4833149
2024-07-05,STB,41.23,41.4,40.84,41.27,2993887
2024-07-06,STB,40.81,41.17,40.73,40.86,4746407
2024-07-07,STB,39.35,39.74,38.92,39.28,3719561
2024-07-08,STB,41.28,41.4,40.94,41.32,1321732
2024-07-09,STB,39.43,39.56,39.34,39.45,5795016
2024-07-10,STB,37.84,38.12,37.46,37.85,1562678
2024-07-11,STB,39.8,40.25,39.47,39.88,3095443
2024-07-12,STB,37.57,37.85,37.34,37.68,3518707
2024-07-13,STB,37.34,37.64,37.12,37.32,4240754
2024-07-14,STB,36.86,37.2,36.75,36.85,4549238
2024-07-15,STB,37.75,38.17,37.6,37.85,963406
2024-07-16,STB,38.56,38.73,38.37,38.6,2267270
2024-07-17,STB,38.49,38.88,38.37,38.51,1780369
2024-07-18,STB,38.06,38.26,37.89,38.02,4789862
2024-07-19,STB,38.86,39.14,38.51,38.8,3054641
2024-07-20,STB,39.34,39.45,39.25,39.36,1994202
2024-07-21,STB,39.68,40.14,39.5,39.8,2528609
2024-07-22,STB,40.62,41.0,40.51,40.7,2845828
2024-07-23,STB,42.19,42.53,41.82,42.1,5242314
2024-07-24,STB,41.03,41.4,40.61,41.01,3038688
2024-07-25,STB,39.96,40.31,39.69,40.06,1543635
2024-07-26,STB,40.25,40.34,39.8,40.1,2001944
2024-07-27,STB,38.16,38.33,38.07,38.19,5145499
2024-07-28,STB,37.17,37.44,37.06,37.15,2262872
2024-07-29,STB,37.44,37.52,37.08,37.43,2091170
2024-07-30,STB,38.51,38.87,38.26,38.63,2749436
2024-07-31,STB,39.17,39.28,38.97,39.09,3582120
2024-08-01,STB,39.74,39.94,39.55,39.79,3606274
2024-08-02,STB,39.68,40.04,39.48,39.65,1627403
2024-08-03,STB,39.94,40.22,39.75,39.89,2799615
2024-08-04,STB,41.14,41.45,40.93,41.1,1235479
2024-08-05,STB,42.05,42.5,41.66,42.13,3524999
2024-08-06,STB,42.34,42.43,42.03,42.27,1571866
2024-08-07,STB,43.61,43.85,43.27,43.63,3120634
2024-08-08,STB,43.91,44.07,43.5,43.94,3086459
2024-08-09,STB,44.81,45.21,44.27,44.65,3562204
2024-08-10,STB,44.06,44.33,43.58,43.89,3127112
2024-08-11,STB,44.59,44.98,44.17,44.72,2841717
2024-08-12,STB,44.86,45.24,44.72,44.9,1840188
2024-08-13,STB,44.86,45.03,44.58,44.85,4039215
2024-08-14,STB,43.13,43.49,42.87,43.06,5257120
2024-08-15,STB,43.31,43.71,43.18,43.34,2849014
2024-08-16,STB,41.66,42.14,41.42,41.81,4749797
2024-08-17,STB,43.47,43.56,43.23,43.47,4642055
2024-08-18,STB,43.08,43.19,42.66,42.87,1551850
2024-08-19,STB,40.91,41.04,40.69,40.93,3633181
2024-08-20,STB,42.22,42.46,42.0,42.17,4484894
2024-08-21,STB,42.72,43.06,42.54,42.71,1715228
2024-08-22,STB,41.76,42.09,41.5,41.95,2564356
2024-08-23,STB,43.03,43.29,42.62,43.03,2430230
2024-08-24,STB,42.61,42.76,42.29,42.5,4991293
2024-08-25,STB,42.95,43.1,42.73,42.92,2749103
2024-08-26,STB,42.74,43.15,42.32,42.7,4759944
2024-08-27,STB,42.71,43.07,42.29,42.66,1779264
2024-08-28,STB,42.93,43.52,42.71,43.14,4822248
2024-08-29,STB,43.95,44.36,43.53,44.02,3846203
2024-08-30,STB,43.48,43.84,43.14,43.56,3688229
2024-08-31,STB,44.51,44.77,44.0,44.36,5077806
2024-09-01,STB,44.51,44.81,44.2,44.62,1085905
2024-09-02,STB,44.39,44.61,44.29,44.41,4052311
2024-09-03,STB,44.46,44.85,44.2,44.37,3848280
2024-09-04,STB,44.69,45.0,44.33,44.59,4919146
2024-09-05,STB,45.51,45.72,44.92,45.36,1911189
2024-09-06,STB,46.82,47.07,46.51,46.81,3398175
2024-09-07,STB,45.23,45.46,44.93,45.26,3055337
2024-09-08,STB,45.74,45.92,45.37,45.73,4103242
2024-09-09,STB,46.77,46.99,46.67,46.8,2937161
2024-09-10,STB,44.53,44.75,44.11,44.62,1132729
2024-09-11,STB,46.44,46.58,46.27,46.43,5874190
2024-09-12,STB,46.39,46.65,46.04,46.49,3286807
2024-09-13,STB,45.26,45.68,44.69,45.02,3720807
2024-09-14,STB,43.79,43.92,43.54,43.74,2407236
2024-09-15,STB,43.0,43.28,42.64,42.92,1220061
2024-09-16,STB,43.59,43.71,43.28,43.49,3447787
2024-09-17,STB,42.36,42.77,42.11,42.43,4791826
2024-09-18,STB,43.37,43.64,43.0,43.31,2193194
2024-09-19,STB,43.81,44.13,43.55,43.88,5151115
2024-09-20,STB,43.89,44.11,43.69,43.97,4561040
2024-09-21,STB,44.33,44.49,44.14,44.28,4887090
2024-09-22,STB,42.79,43.04,42.42,42.83,1616510
2024-09-23,STB,43.26,43.64,42.85,43.23,4094575
2024-09-24,STB,45.0,45.18,44.6,45.03,3519834
2024-09-25,STB,44.69,45.08,44.34,44.75,4304300
2024-09-26,STB,45.15,45.64,44.78,45.21,1526168
2024-09-27,STB,45.35,45.77,45.11,45.29,3022830
2024-09-28,STB,46.71,47.27,46.56,46.88,2978778
2024-09-29,STB,46.87,46.98,46.59,46.74,3134763
2024-09-30,STB,46.94,47.23,46.74,47.02,4091490
2024-10-01,STB,47.11,47.46,46.9,47.18,2838957
2024-10-02,STB,46.18,46.59,45.65,46.06,5137285
2024-10-03,STB,45.71,45.88,45.04,45.49,4905792
2024-10-04,STB,44.73,44.88,44.41,44.74,3226336
2024-10-05,STB,43.53,43.94,43.34,43.53,2092209
2024-10-06,STB,43.5,43.89,43.37,43.62,3413282
2024-10-07,STB,42.25,42.69,41.89,42.32,4986798
2024-10-08,STB,42.7,43.01,42.38,42.55,2878279
2024-10-09,STB,42.42,42.74,42.25,42.38,2801078
2024-10-10,STB,41.94,42.27,41.5,41.88,3640767
2024-10-11,STB,42.55,42.76,42.39,42.63,4333368
2024-10-12,STB,42.55,42.82,42.38,42.57,2719884
2024-10-13,STB,42.02,42.25,41.83,42.03,5134076
2024-10-14,STB,42.9,43.03,42.57,42.86,1514363
2024-10-15,STB,41.68,42.02,41.4,41.7,3217536
2024-10-16,STB,41.65,41.78,41.31,41.63,3914547
2024-10-17,STB,40.96,41.23,40.82,41.03,1520041
2024-10-18,STB,40.24,40.37,39.94,40.27,1733009
2024-10-19,STB,40.42,40.76,40.18,40.42,1118447
2024-10-20,STB,39.82,40.2,39.48,39.78,2630536
2024-10-21,STB,39.61,39.75,39.44,39.58,4141253
2024-10-22,STB,40.18,40.6,40.1,40.26,905877
2024-10-23,STB,40.6,40.95,40.4,40.54,2196446
2024-10-24,STB,40.19,40.63,39.97,40.25,1028836
2024-10-25,STB,40.99,41.39,40.77,40.93,4298308
2024-10-26,STB,40.69,41.04,40.54,40.79,4062297
2024-10-27,STB,40.68,41.18,40.42,40.8,4754190
2024-10-28,STB,40.78,41.17,40.47,40.72,1994339
2024-10-29,STB,40.83,41.08,40.67,40.84,964492
2024-10-30,STB,40.24,40.55,40.0,40.27,1473261
2024-10-31,STB,39.3,39.84,38.91,39.51,1206011
2024-11-01,STB,37.88,38.18,37.75,37.9,2460144
2024-11-02,STB,38.24,38.66,38.12,38.31,2851908
2024-11-03,STB,37.61,37.93,37.47,37.6,3213771
2024-11-04,STB,38.42,38.8,38.09,38.46,4153196
2024-11-05,STB,36.99,37.38,36.83,37.02,3294084
2024-11-06,STB,36.57,36.92,36.39,36.56,4547113
2024-11-07,STB,35.33,35.57,35.23,35.41,3649976
2024-11-08,STB,36.15,36.3,35.97,36.17,2190862
2024-11-09,STB,35.4,35.58,35.25,35.43,2544228
2024-11-10,STB,34.92,35.03,34.57,34.82,2944365
2024-11-11,STB,35.58,35.65,35.17,35.46,2193873
2024-11-12,STB,34.17,34.39,34.03,34.18,5572882
2024-11-13,STB,34.17,34.38,34.08,34.24,3066238
2024-11-14,STB,33.66,33.91,33.33,33.66,2049465
2024-11-15,STB,32.75,32.95,32.46,32.7,4208579
2024-11-16,STB,33.47,33.8,33.27,33.46,2697509
2024-11-17,STB,33.98,34.15,33.77,33.9,3974414
2024-11-18,STB,34.69,35.05,34.49,34.74,2258028
2024-11-19,STB,34.61,34.78,34.27,34.58,3696844
2024-11-20,STB,34.23,34.36,33.86,34.18,964950
2024-11-21,STB,33.57,33.86,33.31,33.62,5100032
2024-11-22,STB,32.93,33.26,32.6,32.96,3117508
2024-11-23,STB,32.15,32.24,31.8,32.1,1724812
2024-11-24,STB,32.56,32.72,32.39,32.6,2911467
2024-11-25,STB,31.36,31.52,31.0,31.29,2570345
2024-11-26,STB,31.77,31.95,31.49,31.82,4024721
2024-11-27,STB,31.97,32.24,31.85,32.06,2418193
2024-11-28,STB,31.6,31.72,31.35,31.62,3470416
2024-11-29,STB,32.59,32.9,32.46,32.6,2924899
2024-11-30,STB,33.34,33.68,33.01,33.37,1745906
2024-12-01,STB,32.57,32.84,32.35,32.6,4376358
2024-12-02,STB,33.32,33.5,33.16,33.43,4743859
2024-12-03,STB,32.6,32.76,32.39,32.53,1288821
2024-12-04,STB,33.39,33.62,33.27,33.48,4564871
2024-12-05,STB,33.53,33.86,33.27,33.51,1385551
2024-12-06,STB,33.51,33.58,33.16,33.4,3419753
2024-12-07,STB,33.27,33.68,32.97,33.35,1531563
2024-12-08,STB,34.27,34.54,34.07,34.26,4882891
2024-12-09,STB,33.68,33.91,33.37,33.68,2353773
2024-12-10,STB,32.78,33.05,32.49,32.77,4732560
2024-12-11,STB,31.89,32.14,31.58,31.89,2431901
2024-12-12,STB,33.01,33.12,32.82,33.0,2295248
2024-12-13,STB,33.49,33.71,33.38,33.47,1435261
2024-12-14,STB,35.68,35.79,35.3,35.63,5869771
2024-12-15,STB,36.11,36.48,35.84,36.15,4862939
2024-12-16,STB,34.76,35.02,34.62,34.75,2430241
2024-12-17,STB,35.15,35.4,35.0,35.14,2111914
2024-12-18,STB,33.87,34.05,33.56,33.85,2943216
2024-12-19,STB,32.88,33.23,32.7,32.93,1178845
2024-12-20,STB,32.39,32.71,32.18,32.52,1390560
2024-12-21,STB,32.29,32.54,32.11,32.33,961645
2024-12-22,STB,32.9,33.15,32.59,32.88,2304891
2024-12-23,STB,33.7,33.85,33.41,33.69,4675353
2024-12-24,STB,35.65,35.83,35.51,35.65,1309040
2024-12-25,STB,36.75,37.1,36.62,36.78,2035780
2024-12-26,STB,37.76,37.99,37.33,37.7,3033497
2024-12-27,STB,38.32,38.44,38.05,38.32,1195675
2024-12-28,STB,36.72,37.01,36.5,36.68,1825926
2024-12-29,STB,35.85,36.06,35.75,35.92,1732419
2024-12-30,STB,35.86,36.2,35.66,35.88,1000750
2024-12-31,STB,35.85,36.09,35.47,35.81,3530541
2025-01-01,STB,35.55,35.84,35.35,35.59,910472
2025-01-02,STB,36.48,36.74,36.3,36.51,1568292
2025-01-03,STB,36.93,37.25,36.63,37.08,2902629
2025-01-04,STB,36.81,37.09,36.6,36.76,1646561
2025-01-05,STB,36.69,36.92,36.49,36.73,1026118
2025-01-06,STB,36.33,36.6,36.22,36.41,4718522
2025-01-07,STB,36.23,36.59,36.05,36.29,2988360
2025-01-08,STB,37.61,37.89,37.26,37.69,3901492
2025-01-09,STB,37.81,37.96,37.57,37.7,1507045
2025-01-10,STB,38.62,38.72,38.44,38.62,3074946
2025-01-11,STB,39.05,39.42,38.87,39.15,1925568
2025-01-12,STB,40.01,40.25,39.63,40.13,4170255
2025-01-13,STB,40.18,40.49,39.85,39.98,3282928
2025-01-14,STB,39.29,39.6,38.95,39.22,3414085
2025-01-15,STB,38.45,38.72,38.09,38.47,1230285
2025-01-16,STB,38.63,38.86,38.22,38.57,1754086
2025-01-17,STB,37.65,37.79,37.3,37.64,2237674
2025-01-18,STB,37.4,37.59,37.01,37.26,4100789
2025-01-19,STB,39.88,40.02,39.61,39.82,4648073
2025-01-20,STB,39.89,40.02,39.58,39.81,3669785
2025-01-21,STB,39.9,40.17,39.68,39.83,3024496
2025-01-22,STB,40.76,40.99,40.65,40.8,5266320
2025-01-23,STB,40.88,41.17,40.56,40.93,2769689
2025-01-24,STB,42.39,42.67,41.99,42.28,4647688
2025-01-25,STB,43.75,43.96,43.38,43.62,1353356
2025-01-26,STB,43.98,44.38,43.76,43.96,4909265
2025-01-27,STB,41.67,42.01,41.52,41.7,2160075
2025-01-28,STB,41.41,41.59,40.95,41.33,3572784
2025-01-29,STB,39.84,40.23,39.48,39.89,2837255
2025-01-30,STB,39.98,40.1,39.69,39.87,2638411
2025-01-31,STB,39.0,39.34,38.63,39.15,1925383
2025-02-01,STB,39.15,39.39,39.03,39.21,1561140
2025-02-02,STB,38.09,38.36,37.68,37.99,1153353
2025-02-03,STB,37.79,37.94,37.58,37.85,1362880
2025-02-04,STB,37.91,38.11,37.77,37.88,4499015
2025-02-05,STB,37.62,37.72,37.38,37.51,958074
2025-02-06,STB,36.11,36.37,35.81,36.15,3800218
2025-02-07,STB,35.11,35.36,34.74,35.07,3051944
2025-02-08,STB,34.82,35.08,34.53,34.74,4866127
2025-02-09,STB,34.71,34.82,34.56,34.69,4804303
2025-02-10,STB,35.47,35.55,35.34,35.42,1593621
2025-02-11,STB,35.75,36.0,35.56,35.82,3796765
2025-02-12,STB,37.45,37.82,37.22,37.31,2633695
2025-02-13,STB,34.88,35.02,34.74,34.86,2187585
2025-02-14,STB,34.12,34.37,33.73,34.01,5104028
2025-02-15,STB,33.03,33.37,32.75,33.06,2137444
2025-02-16,STB,32.75,33.06,32.62,32.82,1409878
2025-02-17,STB,32.38,32.53,32.18,32.39,2837205
2025-02-18,STB,32.26,32.48,32.03,32.33,3988612
2025-02-19,STB,33.3,33.41,33.18,33.27,3624940
2025-02-20,STB,33.41,33.52,33.19,33.4,3685989
2025-02-21,STB,34.76,35.04,34.55,34.73,2565681
2025-02-22,STB,35.67,35.86,35.45,35.58,2659726
2025-02-23,STB,35.95,36.23,35.64,36.06,3499096
2025-02-24,STB,36.12,36.45,35.79,36.27,1588662
2025-02-25,STB,35.48,35.71,35.21,35.47,4011026
2025-02-26,STB,36.77,37.15,36.55,36.82,3326341
2025-02-27,STB,38.23,38.44,37.91,38.17,2370019
2025-02-28,STB,37.41,37.56,37.03,37.4,1848874
2025-03-01,STB,38.36,38.73,37.96,38.17,3046655
2025-03-02,STB,38.67,39.02,38.39,38.72,4975734
2025-03-03,STB,38.45,38.83,38.18,38.51,2626977
2025-03-04,STB,39.2,39.46,39.12,39.35,2866096
2025-03-05,STB,38.57,39.05,38.24,38.69,4643152
2025-03-06,STB,38.33,38.47,38.05,38.3,2334757
2025-03-07,STB,38.45,38.62,38.26,38.44,2839583
2025-03-08,STB,39.13,39.48,38.84,39.11,1992104
2025-03-09,STB,39.34,39.72,39.03,39.33,2328216
2025-03-10,STB,38.68,39.03,38.29,38.57,2521809
2025-03-11,STB,39.07,39.43,38.88,39.01,3528096
2025-03-12,STB,37.53,37.63,37.39,37.52,1147716
2025-03-13,STB,37.71,37.98,37.52,37.81,1376518
2025-03-14,STB,38.22,38.54,37.95,38.25,4557987
2025-03-15,STB,39.74,40.11,39.42,39.77,2262932
2025-03-16,STB,39.8,40.19,39.45,39.66,1395236
2025-03-17,STB,39.09,39.5,38.88,39.15,2977223
2025-03-18,STB,39.68,39.94,39.45,39.61,2580713
2025-03-19,STB,38.63,38.77,38.53,38.61,3140191
2025-03-20,STB,39.5,39.58,39.35,39.49,1973992
2025-03-21,STB,39.52,39.69,39.44,39.55,3820563
2025-03-22,STB,39.8,39.92,39.61,39.74,4615055
2025-03-23,STB,39.14,39.47,38.98,39.17,1708720
2025-03-24,STB,39.8,40.25,39.62,39.88,3627204
2025-03-25,STB,41.15,41.42,40.9,41.19,1727892
2025-03-26,STB,40.52,40.69,40.23,40.58,2146364
2025-03-27,STB,41.57,41.84,41.09,41.44,4697284
2025-03-28,STB,41.96,42.13,41.68,41.96,4212273
2025-03-29,STB,43.73,44.0,43.32,43.6,1908179
2025-03-30,STB,43.13,43.51,42.88,43.01,3167929
2025-03-31,STB,44.36,44.56,44.14,44.25,4029196
2025-04-01,STB,44.79,45.04,44.42,44.75,5064260
2025-04-02,STB,44.77,45.0,44.4,44.84,849449
2025-04-03,STB,42.03,42.12,41.87,41.95,1813344
2025-04-04,STB,41.22,41.32,41.03,41.23,4301303
2025-04-05,STB,40.57,40.97,40.45,40.67,3691037
2025-04-06,STB,41.2,41.62,40.94,41.36,3949961
2025-04-07,STB,40.76,41.15,40.53,40.73,984755
2025-04-08,STB,39.91,40.26,39.69,39.99,2293177
2025-04-09,STB,40.31,40.6,40.13,40.43,4078498
2025-04-10,STB,40.89,41.19,40.71,40.88,3680217
2025-04-11,STB,42.06,42.24,41.57,41.88,3314521
2025-04-12,STB,40.27,40.63,40.03,40.42,2833017
2025-04-13,STB,40.92,41.28,40.8,40.9,4737812
2025-04-14,STB,41.45,41.77,41.3,41.52,3687433
2025-04-15,STB,42.92,43.31,42.34,42.75,4322970
2025-04-16,STB,43.32,43.47,42.91,43.32,1972334
2025-04-17,STB,44.49,44.79,44.0,44.41,4400134
2025-04-18,STB,44.45,44.75,44.02,44.54,1578615
2025-04-19,STB,44.5,44.74,44.22,44.47,1355296
2025-04-20,STB,44.56,44.76,44.1,44.53,1896799
2025-04-21,STB,45.4,45.83,45.04,45.5,4116412
2025-04-22,STB,47.31,47.6,47.09,47.33,3670466
2025-04-23,STB,48.47,49.0,48.33,48.52,5147002
2025-04-24,STB,51.75,52.28,51.4,51.85,4618544
2025-04-25,STB,51.16,51.51,50.96,51.07,3962894
2025-04-26,STB,52.26,52.39,51.78,52.16,1787519
2025-04-27,STB,51.66,52.13,51.39,51.74,2218433
2025-04-28,STB,50.72,51.02,50.42,50.87,4853712
2025-04-29,STB,47.93,48.18,47.46,47.82,5938391
2025-04-30,STB,47.56,47.71,47.14,47.55,3696695
2025-05-01,STB,46.81,47.2,46.64,46.82,1520265
2025-05-02,STB,43.96,44.36,43.86,44.11,1222375
2025-05-03,STB,44.21,44.64,44.06,44.27,4320478
2025-05-04,STB,43.48,43.85,43.08,43.51,4244275
2025-05-05,STB,44.4,44.53,44.02,44.41,3957190
2025-05-06,STB,44.21,44.49,44.03,44.21,4775236
2025-05-07,STB,45.01,45.33,44.42,44.81,2032351
2025-05-08,STB,46.23,46.4,45.81,46.23,3308982
2025-05-09,STB,45.54,45.81,45.42,45.56,4522269
2025-05-10,STB,46.13,46.61,45.99,46.16,2013664
2025-05-11,STB,47.3,47.58,47.01,47.25,2899099
2025-05-12,STB,46.84,47.24,46.44,46.89,2992142
2025-05-13,STB,45.29,45.39,45.03,45.27,2606251
2025-05-14,STB,46.63,46.87,46.14,46.6,3583799
2025-05-15,STB,45.6,45.93,45.36,45.59,4505880
2025-05-16,STB,45.69,46.08,45.24,45.84,2145143
2025-05-17,STB,46.53,46.79,46.22,46.63,3335164
2025-05-18,STB,48.06,48.44,47.88,48.14,4459685
2025-05-19,STB,47.88,48.12,47.52,47.99,3414532
2025-05-20,STB,48.44,48.83,48.0,48.43,2320280
2025-05-21,STB,50.39,50.5,49.74,50.12,3014511
2025-05-22,STB,48.53,49.0,48.13,48.69,2326828
2025-05-23,STB,48.58,48.86,48.18,48.53,2027657
2025-05-24,STB,46.55,46.99,46.28,46.6,4293124
2025-05-25,STB,47.55,47.88,47.18,47.54,4769525
2025-05-26,STB,49.16,49.61,48.85,49.37,1199208
2025-05-27,STB,48.94,49.19,48.79,48.9,1788614
2025-05-28,STB,51.07,51.57,50.65,51.13,4662388
2025-05-29,STB,50.9,51.15,50.41,50.94,2194775
2025-05-30,STB,51.3,51.63,50.78,51.16,1844959
2025-05-31,STB,52.77,53.12,52.45,52.69,3997562
2025-06-01,STB,52.61,53.06,52.11,52.56,1995797
2025-06-02,STB,50.2,50.41,49.74,50.19,2254300
2025-06-03,STB,52.22,52.52,51.83,52.09,2155903
2025-06-04,STB,53.08,53.61,52.96,53.18,1995055
2025-06-05,STB,54.72,54.89,54.53,54.73,1175667
2025-06-06,STB,53.58,54.0,53.07,53.38,5253223
2025-06-07,STB,52.92,53.31,52.68,52.96,2334512
2025-06-08,STB,52.46,52.97,52.15,52.58,3694885
2025-06-09,STB,52.27,52.51,52.02,52.21,2333478
2025-06-10,STB,51.46,51.86,51.28,51.49,1186614
2025-06-11,STB,50.18,50.73,49.88,50.25,5066059
2025-06-12,STB,51.39,51.57,50.92,51.37,3160937
2025-06-13,STB,51.15,51.33,50.71,51.09,2981350
2025-06-14,STB,49.72,49.95,49.55,49.72,1413545
2025-06-15,STB,49.24,49.6,48.76,49.3,4870241
2025-06-16,STB,49.44,49.84,48.93,49.31,2398695
2025-06-17,STB,50.15,50.25,49.95,50.08,4394042
2025-06-18,STB,49.58,49.76,49.35,49.58,1501728
2025-06-19,STB,50.32,50.52,50.08,50.22,5052852
2025-06-20,STB,51.02,51.46,50.65,51.01,3769114
2025-06-21,STB,50.83,51.29,50.65,50.89,2913056
2025-06-22,STB,50.44,50.79,49.95,50.5,3432741
2025-06-23,STB,50.93,51.03,50.62,50.77,2939258
2025-06-24,STB,50.26,50.52,49.95,50.22,4217701
2025-06-25,STB,50.35,50.55,50.09,50.31,2616965
2025-06-26,STB,51.94,52.43,51.77,51.91,3228942
2025-06-27,STB,52.77,53.07,52.17,52.67,1884551
2025-06-28,STB,53.62,53.79,53.07,53.56,1512761
2025-06-29,STB,52.31,52.61,51.82,52.15,3595951
2025-06-30,STB,50.93,51.43,50.76,51.04,4863694
2025-07-01,STB,50.28,50.73,49.95,50.34,4260589
2025-07-02,STB,50.92,51.15,50.63,50.81,4226940
2025-07-03,STB,49.26,49.6,48.86,49.34,1883719
2025-07-04,STB,50.62,50.77,50.05,50.49,4514378
2025-07-05,STB,48.16,48.67,47.93,48.23,6182270
2025-07-06,STB,49.3,49.83,48.87,49.35,4301050
2025-07-07,STB,50.06,50.25,49.73,50.11,2516864
2025-07-08,STB,48.7,49.1,48.27,48.77,1735827
2025-07-09,STB,47.2,47.51,46.93,47.05,3290972
2025-07-10,STB,48.06,48.29,47.42,47.89,4099450
2025-07-11,STB,46.58,46.84,46.21,46.56,1677239
2025-07-12,STB,46.56,46.71,46.31,46.62,2847522
2025-07-13,STB,44.02,44.49,43.83,44.07,2607871
2025-07-14,STB,44.16,44.35,43.89,44.05,4081113
2025-07-15,STB,42.67,43.15,42.45,42.75,3639140
2025-07-16,STB,43.23,43.41,43.01,43.31,1579055
2025-07-17,STB,42.21,42.59,41.92,42.29,4458060
2025-07-18,STB,41.01,41.2,40.7,40.96,5231616
2025-07-19,STB,42.07,42.37,41.71,42.17,4430857
2025-07-20,STB,42.19,42.49,41.89,42.25,3906103
2025-07-21,STB,41.6,41.93,41.49,41.62,4135854
2025-07-22,STB,43.48,43.87,43.28,43.42,4528397
2025-07-23,STB,44.39,44.66,44.04,44.36,2256720
2025-07-24,STB,45.83,46.06,45.53,45.88,4249370
2025-07-25,STB,44.1,44.61,43.89,44.21,1307248
2025-07-26,STB,43.33,43.92,43.15,43.52,4628908
2025-07-27,STB,42.36,42.57,42.23,42.32,995470
2025-07-28,STB,43.72,43.99,43.57,43.74,1845654
2025-07-29,STB,43.9,43.99,43.7,43.83,1047088
2025-07-30,STB,43.01,43.39,42.74,43.01,2362584
2025-07-31,STB,42.63,42.89,42.3,42.58,1016089
2025-08-01,STB,40.75,41.19,40.37,40.94,1880876
2025-08-02,STB,39.72,39.83,39.53,39.69,1038282
2025-08-03,STB,41.3,41.61,40.94,41.39,1266866
2025-08-04,STB,42.5,42.92,42.14,42.4,3340088
2025-08-05,STB,42.76,43.17,42.52,42.75,3262665
2025-08-06,STB,44.12,44.34,43.75,44.01,1228839
2025-08-07,STB,43.1,43.49,42.94,43.14,2797669
2025-08-08,STB,42.19,42.27,42.02,42.15,2555404
2025-08-09,STB,44.46,44.79,44.36,44.49,1225670
2025-08-10,STB,45.79,45.95,45.37,45.78,4707824
2025-08-11,STB,47.31,47.55,47.0,47.27,1315923
2025-08-12,STB,47.25,47.41,47.11,47.27,1070762
2025-08-13,STB,46.14,46.31,45.88,46.1,2317314
2025-08-14,STB,43.84,44.28,43.48,43.77,1914794
2025-08-15,STB,43.65,43.9,43.33,43.61,2884029
2025-08-16,STB,42.9,43.03,42.56,42.87,2823189
2025-08-17,STB,41.98,42.36,41.53,41.89,2671438
2025-08-18,STB,40.38,40.74,40.08,40.34,2175085
2025-08-19,STB,41.0,41.15,40.61,41.01,2701180
2025-08-20,STB,40.21,40.47,39.85,40.18,3669679
2025-08-21,STB,40.21,40.52,40.03,40.21,1187329
2025-08-22,STB,39.24,39.63,38.94,39.26,2759054
2025-08-23,STB,38.29,38.51,38.1,38.22,3862583
2025-08-24,STB,39.27,39.56,38.85,39.18,2593992
2025-08-25,STB,40.53,40.7,40.3,40.46,1232203
2025-08-26,STB,41.86,42.26,41.74,41.85,1947450
2025-08-27,STB,42.0,42.29,41.65,42.0,3249053
2025-08-28,STB,42.7,43.01,42.33,42.66,1482604
2025-08-29,STB,42.39,42.58,42.15,42.29,3244896
2025-08-30,STB,42.29,42.67,42.17,42.3,4150849
2025-08-31,STB,43.59,43.77,43.21,43.66,1676694
2025-09-01,STB,42.71,43.05,42.56,42.68,2851153
2025-09-02,STB,43.4,43.69,43.02,43.53,4668351
2025-09-03,STB,42.77,43.02,42.39,42.84,1346627
2025-09-04,STB,43.93,44.12,43.56,43.84,1608834
2025-09-05,STB,43.54,43.94,43.17,43.41,2248870
2025-09-06,STB,44.28,44.56,43.81,44.11,3659705
2025-09-07,STB,43.37,43.6,42.97,43.4,1545745
2025-09-08,STB,44.21,44.48,43.89,44.11,4546903
2025-09-09,STB,44.35,44.47,44.13,44.26,1589445
2025-09-10,STB,44.36,44.64,44.23,44.32,4014143
2025-09-11,STB,45.58,46.04,45.36,45.6,3539487
2025-09-12,STB,46.28,46.55,46.07,46.35,3936241
2025-09-13,STB,47.31,47.44,47.0,47.18,3739038
2025-09-14,STB,48.06,48.2,47.62,48.03,3534560
2025-09-15,STB,49.23,49.62,48.53,48.98,2701846
2025-09-16,STB,48.9,49.49,48.7,49.07,3495784
2025-09-17,STB,47.82,48.3,47.65,47.92,3450414
2025-09-18,STB,47.28,47.68,46.82,47.26,949828
2025-09-19,STB,47.65,48.1,47.18,47.58,2449445
2025-09-20,STB,47.44,47.6,47.1,47.44,3416469
2025-09-21,STB,45.96,46.31,45.59,46.19,2470407
2025-09-22,STB,45.01,45.45,44.74,45.08,4597802
2025-09-23,STB,44.99,45.29,44.83,44.95,2928622
2025-09-24,STB,45.56,45.75,45.17,45.6,2437709
2025-09-25,STB,45.55,45.82,45.38,45.54,975990
2025-09-26,STB,46.12,46.4,45.93,46.1,1147128
2025-09-27,STB,48.18,48.31,47.95,48.07,1736778
2025-09-28,STB,48.59,48.79,48.4,48.56,4536308
2025-09-29,STB,47.93,48.05,47.58,47.88,4874935
2025-09-30,STB,47.45,47.67,47.02,47.29,1209298
2025-10-01,STB,47.99,48.5,47.83,48.04,4719373
2025-10-02,STB,49.4,49.7,48.86,49.29,1692123
2025-10-03,STB,49.37,49.86,49.12,49.38,3362353
2025-10-04,STB,47.88,48.26,47.66,47.86,977160
2025-10-05,STB,48.31,48.75,47.96,48.33,1106289
2025-10-06,STB,49.05,49.36,48.81,49.06,2993477
2025-10-07,STB,47.65,47.81,47.21,47.56,1063989
2025-10-08,STB,47.52,47.72,47.31,47.57,3603151
2025-10-09,STB,47.56,47.91,47.35,47.45,3300994
2025-10-10,STB,48.44,48.71,48.23,48.54,3662244
2025-10-11,STB,49.04,49.33,48.81,49.08,4206884
2025-10-12,STB,49.19,49.35,48.9,49.25,4058993
2025-10-13,STB,50.56,50.97,50.32,50.55,5448132
2025-10-14,STB,50.65,50.89,50.4,50.54,912756
2025-10-15,STB,50.92,51.11,50.59,50.98,1058497
