date,close,symbol
2020-06-04,78.32931518554688,AAPL
2020-06-05,80.56021881103516,AAPL
2020-06-08,81.03653717041016,AAPL
2020-06-09,83.59550476074219,AAPL
2020-06-10,85.74620819091797,AAPL
2020-06-11,81.6294937133789,AAPL
2020-06-12,82.33426666259766,AAPL
2020-06-15,83.35250091552734,AAPL
2020-06-16,85.56153106689453,AAPL
2020-06-17,85.44245147705078,AAPL
2020-06-18,85.47647094726562,AAPL
2020-06-19,84.98799896240234,AAPL
2020-06-22,87.21159362792969,AAPL
2020-06-23,89.0731201171875,AAPL
2020-06-24,87.50079345703125,AAPL
2020-06-25,88.66241455078125,AAPL
2020-06-26,85.93820190429688,AAPL
2020-06-29,87.91876983642578,AAPL
2020-06-30,88.65270233154297,AAPL
2020-07-01,88.48499298095703,AAPL
2020-07-02,88.48499298095703,AAPL
2020-07-06,90.85201263427734,AAPL
2020-07-07,90.5700912475586,AAPL
2020-07-08,92.6794891357422,AAPL
2020-07-09,93.07804107666016,AAPL
2020-07-10,93.24088287353516,AAPL
2020-07-13,92.81072235107422,AAPL
2020-07-14,94.34659576416016,AAPL
2020-07-15,94.99544525146484,AAPL
2020-07-16,93.8265380859375,AAPL
2020-07-17,93.63697814941406,AAPL
2020-07-20,95.61027526855467,AAPL
2020-07-21,94.29070281982422,AAPL
2020-07-22,94.55558013916016,AAPL
2020-07-23,90.25173950195312,AAPL
2020-07-24,90.0281753540039,AAPL
2020-07-27,92.16184997558594,AAPL
2020-07-28,90.64788818359376,AAPL
2020-07-29,92.3854522705078,AAPL
2020-07-30,93.50332641601562,AAPL
2020-07-31,103.29206085205078,AAPL
2020-08-03,105.89476776123048,AAPL
2020-08-04,106.6019515991211,AAPL
2020-08-05,106.98835754394533,AAPL
2020-08-06,110.72108459472656,AAPL
2020-08-07,108.20377349853516,AAPL
2020-08-10,109.77648162841795,AAPL
2020-08-11,106.51174926757812,AAPL
2020-08-12,110.0516128540039,AAPL
2020-08-13,111.99921417236328,AAPL
2020-08-14,111.8994140625,AAPL
2020-08-17,111.60726928710938,AAPL
2020-08-18,112.53729248046876,AAPL
2020-08-19,112.678466796875,AAPL
2020-08-20,115.17876434326172,AAPL
2020-08-21,121.11420440673828,AAPL
2020-08-24,122.5627670288086,AAPL
2020-08-25,121.55728149414062,AAPL
2020-08-26,123.2103500366211,AAPL
2020-08-27,121.7374496459961,AAPL
2020-08-28,121.54026794433594,AAPL
2020-08-31,125.66195678710938,AAPL
2020-09-01,130.66738891601562,AAPL
2020-09-02,127.96017456054688,AAPL
2020-09-03,117.71559143066406,AAPL
2020-09-04,117.7934799194336,AAPL
2020-09-08,109.86658477783205,AAPL
2020-09-09,114.2487564086914,AAPL
2020-09-10,110.5190200805664,AAPL
2020-09-11,109.06803131103516,AAPL
2020-09-14,112.3400650024414,AAPL
2020-09-15,112.51537322998048,AAPL
2020-09-16,109.19463348388672,AAPL
2020-09-17,107.45147705078124,AAPL
2020-09-18,104.04312896728516,AAPL
2020-09-21,107.19830322265624,AAPL
2020-09-22,108.8830108642578,AAPL
2020-09-23,104.3157958984375,AAPL
2020-09-24,105.3869857788086,AAPL
2020-09-25,109.3407211303711,AAPL
2020-09-28,111.95054626464844,AAPL
2020-09-29,111.10333251953124,AAPL
2020-09-30,112.77828216552734,AAPL
2020-10-01,113.73263549804688,AAPL
2020-10-02,110.06131744384766,AAPL
2020-10-05,113.45023345947266,AAPL
2020-10-06,110.19767761230467,AAPL
2020-10-07,112.0674285888672,AAPL
2020-10-08,111.96029663085938,AAPL
2020-10-09,113.9079360961914,AAPL
2020-10-12,121.14341735839844,AAPL
2020-10-13,117.92981719970705,AAPL
2020-10-14,118.01747131347656,AAPL
2020-10-15,117.55001831054688,AAPL
2020-10-16,115.90426635742188,AAPL
2020-10-19,112.94383239746094,AAPL
2020-10-20,114.43377685546876,AAPL
2020-10-21,113.81056213378906,AAPL
2020-10-22,112.71985626220705,AAPL
2020-10-23,112.02845001220705,AAPL
2020-10-26,112.03819274902344,AAPL
2020-10-27,113.54761505126952,AAPL
2020-10-28,108.2889633178711,AAPL
2020-10-29,112.30111694335938,AAPL
2020-10-30,106.01021575927734,AAPL
2020-11-02,105.92259216308594,AAPL
2020-11-03,107.54885864257812,AAPL
2020-11-04,111.9407958984375,AAPL
2020-11-05,115.91398620605467,AAPL
2020-11-06,115.7823257446289,AAPL
2020-11-09,113.47037506103516,AAPL
2020-11-10,113.12894439697266,AAPL
2020-11-11,116.56269073486328,AAPL
2020-11-12,116.28956604003906,AAPL
2020-11-13,116.3383560180664,AAPL
2020-11-16,117.35286712646484,AAPL
2020-11-17,116.46516418457033,AAPL
2020-11-18,115.13848876953124,AAPL
2020-11-19,115.73352813720705,AAPL
2020-11-20,114.46536254882812,AAPL
2020-11-23,111.06088256835938,AAPL
2020-11-24,112.34852600097656,AAPL
2020-11-25,113.18748474121094,AAPL
2020-11-27,113.7337417602539,AAPL
2020-11-30,116.13347625732422,AAPL
2020-12-01,119.7135772705078,AAPL
2020-12-02,120.06476593017578,AAPL
2020-12-03,119.92818450927734,AAPL
2020-12-04,119.25509643554688,AAPL
2020-12-07,120.71833038330078,AAPL
2020-12-08,121.33293914794922,AAPL
2020-12-09,118.7966079711914,AAPL
2020-12-10,120.22083282470705,AAPL
2020-12-11,119.4111785888672,AAPL
2020-12-14,118.7966079711914,AAPL
2020-12-15,124.74716186523438,AAPL
2020-12-16,124.67888641357422,AAPL
2020-12-17,125.5470733642578,AAPL
2020-12-18,123.55704498291016,AAPL
2020-12-21,125.0885772705078,AAPL
2020-12-22,128.64923095703125,AAPL
2020-12-23,127.75170135498048,AAPL
2020-12-24,128.73696899414062,AAPL
2020-12-28,133.34136962890625,AAPL
2020-12-29,131.56590270996094,AAPL
2020-12-30,130.44412231445312,AAPL
2020-12-31,129.43931579589844,AAPL
2021-01-04,126.23968505859376,AAPL
2021-01-05,127.80047607421876,AAPL
2021-01-06,123.49851989746094,AAPL
2021-01-07,127.71269989013672,AAPL
2021-01-08,128.81503295898438,AAPL
2021-01-11,125.82023620605467,AAPL
2021-01-12,125.6446304321289,AAPL
2021-01-13,127.68343353271484,AAPL
2021-01-14,125.751953125,AAPL
2021-01-15,124.02529907226562,AAPL
2021-01-19,124.69840240478516,AAPL
2021-01-20,128.7954864501953,AAPL
2021-01-21,133.51695251464844,AAPL
2021-01-22,135.6630401611328,AAPL
2021-01-25,139.41871643066406,AAPL
2021-01-26,139.65281677246094,AAPL
2021-01-27,138.57977294921875,AAPL
2021-01-28,133.73155212402344,AAPL
2021-01-29,128.72720336914062,AAPL
2021-02-01,130.85379028320312,AAPL
2021-02-02,131.68296813964844,AAPL
2021-02-03,130.65869140625,AAPL
2021-02-04,134.02420043945312,AAPL
2021-02-05,133.6089630126953,AAPL
2021-02-08,133.7555389404297,AAPL
2021-02-09,132.8762664794922,AAPL
2021-02-10,132.27056884765625,AAPL
2021-02-11,132.0165252685547,AAPL
2021-02-12,132.25099182128906,AAPL
2021-02-16,130.12123107910156,AAPL
2021-02-17,127.82536315917967,AAPL
2021-02-18,126.72145080566406,AAPL
2021-02-19,126.87775421142578,AAPL
2021-02-22,123.09688568115234,AAPL
2021-02-23,122.96011352539062,AAPL
2021-02-24,122.46189880371094,AAPL
2021-02-25,118.20232391357422,AAPL
2021-02-26,118.46612548828124,AAPL
2021-03-01,124.8456573486328,AAPL
2021-03-02,122.23717498779295,AAPL
2021-03-03,119.24767303466795,AAPL
2021-03-04,117.3621597290039,AAPL
2021-03-05,118.6224365234375,AAPL
2021-03-08,113.67901611328124,AAPL
2021-03-09,118.30001831054688,AAPL
2021-03-10,117.2155990600586,AAPL
2021-03-11,119.14998626708984,AAPL
2021-03-12,118.24141693115234,AAPL
2021-03-15,121.13321685791016,AAPL
2021-03-16,122.6768035888672,AAPL
2021-03-17,121.88545989990234,AAPL
2021-03-18,117.75292205810548,AAPL
2021-03-19,117.2253875732422,AAPL
2021-03-22,120.54705047607422,AAPL
2021-03-23,119.71661376953124,AAPL
2021-03-24,117.32307434082033,AAPL
2021-03-25,117.8115463256836,AAPL
2021-03-26,118.4172592163086,AAPL
2021-03-29,118.59312438964844,AAPL
2021-03-30,117.13744354248048,AAPL
2021-03-31,119.33560943603516,AAPL
2021-04-01,120.16602325439452,AAPL
2021-04-05,122.99920654296876,AAPL
2021-04-06,123.30206298828124,AAPL
2021-04-07,124.953125,AAPL
2021-04-08,127.35646057128906,AAPL
2021-04-09,129.93563842773438,AAPL
2021-04-12,128.2161865234375,AAPL
2021-04-13,131.33265686035156,AAPL
2021-04-14,128.98794555664062,AAPL
2021-04-15,131.40106201171875,AAPL
2021-04-16,131.0689239501953,AAPL
2021-04-19,131.7332000732422,AAPL
2021-04-20,130.0430908203125,AAPL
2021-04-21,130.42408752441406,AAPL
2021-04-22,128.90000915527344,AAPL
2021-04-23,131.2252197265625,AAPL
2021-04-26,131.61598205566406,AAPL
2021-04-27,131.29360961914062,AAPL
2021-04-28,130.50225830078125,AAPL
2021-04-29,130.40455627441406,AAPL
2021-04-30,128.43109130859375,AAPL
2021-05-03,129.4862060546875,AAPL
2021-05-04,124.9042739868164,AAPL
2021-05-05,125.14852142333984,AAPL
2021-05-06,126.750732421875,AAPL
2021-05-07,127.42601013183594,AAPL
2021-05-10,124.1378173828125,AAPL
2021-05-11,123.2179183959961,AAPL
2021-05-12,120.1450424194336,AAPL
2021-05-13,122.29798889160156,AAPL
2021-05-14,124.72499084472656,AAPL
2021-05-17,123.57022094726562,AAPL
2021-05-18,122.18057250976562,AAPL
2021-05-19,122.02399444580078,AAPL
2021-05-20,124.58799743652344,AAPL
2021-05-21,122.74817657470705,AAPL
2021-05-24,124.38246154785156,AAPL
2021-05-25,124.1867446899414,AAPL
2021-05-26,124.1378173828125,AAPL
2021-05-27,122.60137176513672,AAPL
2021-05-28,121.94569396972656,AAPL
2021-06-01,121.62276458740234,AAPL
2021-06-02,122.38609313964844,AAPL
2021-06-03,120.8985824584961,AAPL
2021-06-04,123.19833374023438,AAPL
2021-06-07,123.2081298828125,AAPL
2021-06-08,124.0301742553711,AAPL
2021-06-09,124.41183471679688,AAPL
2021-06-10,123.41365051269533,AAPL
2021-06-11,124.62712860107422,AAPL
2021-06-14,127.69021606445312,AAPL
2021-06-15,126.86815643310548,AAPL
2021-06-16,127.3672332763672,AAPL
2021-06-17,128.97219848632812,AAPL
2021-06-18,127.67059326171876,AAPL
2021-06-21,129.47128295898438,AAPL
2021-06-22,131.11534118652344,AAPL
2021-06-23,130.84133911132812,AAPL
2021-06-24,130.55760192871094,AAPL
2021-06-25,130.26397705078125,AAPL
2021-06-28,131.89828491210938,AAPL
2021-06-29,133.41510009765625,AAPL
2021-06-30,134.03164672851562,AAPL
2021-07-01,134.33502197265625,AAPL
2021-07-02,136.96749877929688,AAPL
2021-07-06,138.98348999023438,AAPL
2021-07-07,141.47894287109375,AAPL
2021-07-08,140.17735290527344,AAPL
2021-07-09,142.0074005126953,AAPL
2021-07-12,141.41043090820312,AAPL
2021-07-13,142.5260467529297,AAPL
2021-07-14,145.96099853515625,AAPL
2021-07-15,145.3053436279297,AAPL
2021-07-16,143.260009765625,AAPL
2021-07-19,139.40426635742188,AAPL
2021-07-20,143.025146484375,AAPL
2021-07-21,142.29116821289062,AAPL
2021-07-22,143.6612548828125,AAPL
2021-07-23,145.3835906982422,AAPL
2021-07-26,145.80445861816406,AAPL
2021-07-27,143.6319122314453,AAPL
2021-07-28,141.8802032470703,AAPL
2021-07-29,142.5260467529297,AAPL
2021-07-30,142.7413787841797,AAPL
2021-08-02,142.40863037109375,AAPL
2021-08-03,144.2093048095703,AAPL
2021-08-04,143.8080596923828,AAPL
2021-08-05,143.91567993164062,AAPL
2021-08-06,143.22964477539062,AAPL
2021-08-09,143.18064880371094,AAPL
2021-08-10,142.70040893554688,AAPL
2021-08-11,142.95526123046875,AAPL
2021-08-12,145.92489624023438,AAPL
2021-08-13,146.13072204589844,AAPL
2021-08-16,148.1104736328125,AAPL
2021-08-17,147.198974609375,AAPL
2021-08-18,143.4452667236328,AAPL
2021-08-19,143.7784881591797,AAPL
2021-08-20,145.23886108398438,AAPL
2021-08-23,146.7285614013672,AAPL
2021-08-24,146.64035034179688,AAPL
2021-08-25,145.4054718017578,AAPL
2021-08-26,144.60177612304688,AAPL
2021-08-27,145.64068603515625,AAPL
2021-08-30,150.07066345214844,AAPL
2021-08-31,148.8063201904297,AAPL
2021-09-01,149.47276306152344,AAPL
2021-09-02,150.590087890625,AAPL
2021-09-03,151.2271728515625,AAPL
2021-09-07,153.56954956054688,AAPL
2021-09-08,152.02102661132812,AAPL
2021-09-09,151.00172424316406,AAPL
2021-09-10,146.00328063964844,AAPL
2021-09-13,146.57174682617188,AAPL
2021-09-14,145.1702423095703,AAPL
2021-09-15,146.06211853027344,AAPL
2021-09-16,145.82687377929688,AAPL
2021-09-17,143.1512451171875,AAPL
2021-09-20,140.0933837890625,AAPL
2021-09-21,140.5736083984375,AAPL
2021-09-22,142.94541931152344,AAPL
2021-09-23,143.9059295654297,AAPL
2021-09-24,143.99411010742188,AAPL
2021-09-27,142.47500610351562,AAPL
2021-09-28,139.0839080810547,AAPL
2021-09-29,139.98556518554688,AAPL
2021-09-30,138.6820526123047,AAPL
2021-10-01,139.80914306640625,AAPL
2021-10-04,136.3690185546875,AAPL
2021-10-05,138.29978942871094,AAPL
2021-10-06,139.17213439941406,AAPL
2021-10-07,140.43638610839844,AAPL
2021-10-08,140.05416870117188,AAPL
2021-10-11,139.96595764160156,AAPL
2021-10-12,138.6918487548828,AAPL
2021-10-13,138.1038055419922,AAPL
2021-10-14,140.89706420898438,AAPL
2021-10-15,141.9555206298828,AAPL
2021-10-18,143.63148498535156,AAPL
2021-10-19,145.79745483398438,AAPL
2021-10-20,146.2875213623047,AAPL
2021-10-21,146.5030975341797,AAPL
2021-10-22,145.72889709472656,AAPL
2021-10-25,145.67987060546875,AAPL
2021-10-26,146.34632873535156,AAPL
2021-10-27,145.8856658935547,AAPL
2021-10-28,149.5316162109375,AAPL
2021-10-29,146.8167724609375,AAPL
2021-11-01,145.99346923828125,AAPL
2021-11-02,147.0323944091797,AAPL
2021-11-03,148.47312927246094,AAPL
2021-11-04,147.95370483398438,AAPL
2021-11-05,148.4836883544922,AAPL
2021-11-08,147.65921020507812,AAPL
2021-11-09,148.02235412597656,AAPL
2021-11-10,145.18577575683594,AAPL
2021-11-11,145.13671875,AAPL
2021-11-12,147.21751403808594,AAPL
2021-11-15,147.2273406982422,AAPL
2021-11-16,148.20887756347656,AAPL
2021-11-17,150.65280151367188,AAPL
2021-11-18,154.9518585205078,AAPL
2021-11-19,157.58233642578125,AAPL
2021-11-22,158.0436553955078,AAPL
2021-11-23,158.42640686035156,AAPL
2021-11-24,158.94664001464844,AAPL
2021-11-26,153.9114532470703,AAPL
2021-11-29,157.278076171875,AAPL
2021-11-30,162.24453735351562,AAPL
2021-12-01,161.7243194580078,AAPL
2021-12-02,160.73300170898438,AAPL
2021-12-03,158.84848022460938,AAPL
2021-12-06,162.26417541503906,AAPL
2021-12-07,168.01585388183594,AAPL
2021-12-08,171.84378051757812,AAPL
2021-12-09,171.33335876464844,AAPL
2021-12-10,176.13296508789062,AAPL
2021-12-13,172.49156188964844,AAPL
2021-12-14,171.1075897216797,AAPL
2021-12-15,175.98574829101562,AAPL
2021-12-16,169.0758514404297,AAPL
2021-12-17,167.97657775878906,AAPL
2021-12-20,166.61227416992188,AAPL
2021-12-21,169.79238891601562,AAPL
2021-12-22,172.3933868408203,AAPL
2021-12-23,173.0215606689453,AAPL
2021-12-27,176.9967041015625,AAPL
2021-12-28,175.97589111328125,AAPL
2021-12-29,176.06427001953125,AAPL
2021-12-30,174.90609741210938,AAPL
2021-12-31,174.28770446777344,AAPL
2022-01-03,178.64569091796875,AAPL
2022-01-04,176.3783416748047,AAPL
2022-01-05,171.6866912841797,AAPL
2022-01-06,168.82069396972656,AAPL
2022-01-07,168.987548828125,AAPL
2022-01-10,169.00718688964844,AAPL
2022-01-11,171.84378051757812,AAPL
2022-01-12,172.28543090820312,AAPL
2022-01-13,169.00718688964844,AAPL
2022-01-14,169.8708953857422,AAPL
2022-01-18,166.66136169433594,AAPL
2022-01-19,163.15731811523438,AAPL
2022-01-20,161.4691162109375,AAPL
2022-01-21,159.40794372558594,AAPL
2022-01-24,158.63253784179688,AAPL
2022-01-25,156.8265380859375,AAPL
2022-01-26,156.73822021484375,AAPL
2022-01-27,156.27691650390625,AAPL
2022-01-28,167.1815643310547,AAPL
2022-01-31,171.54930114746094,AAPL
2022-02-01,171.38241577148438,AAPL
2022-02-02,172.5897216796875,AAPL
2022-02-03,169.70401000976562,AAPL
2022-02-04,169.41903686523438,AAPL
2022-02-07,168.70164489746094,AAPL
2022-02-08,171.8170166015625,AAPL
2022-02-09,173.24200439453125,AAPL
2022-02-10,169.15370178222656,AAPL
2022-02-11,165.73367309570312,AAPL
2022-02-14,165.9695281982422,AAPL
2022-02-15,169.8121337890625,AAPL
2022-02-16,169.57627868652344,AAPL
2022-02-17,165.9695281982422,AAPL
2022-02-18,164.41677856445312,AAPL
2022-02-22,161.4881134033203,AAPL
2022-02-23,157.31138610839844,AAPL
2022-02-24,159.93536376953125,AAPL
2022-02-25,162.00901794433594,AAPL
2022-02-28,162.27435302734375,AAPL
2022-03-01,160.38742065429688,AAPL
2022-03-02,163.68951416015625,AAPL
2022-03-03,163.36521911621094,AAPL
2022-03-04,160.35791015625,AAPL
2022-03-07,156.55462646484375,AAPL
2022-03-08,154.7266845703125,AAPL
2022-03-09,160.1417236328125,AAPL
2022-03-10,155.78807067871094,AAPL
2022-03-11,152.06338500976562,AAPL
2022-03-14,148.02426147460938,AAPL
2022-03-15,152.4171905517578,AAPL
2022-03-16,156.8396453857422,AAPL
2022-03-17,157.85186767578125,AAPL
2022-03-18,161.1539764404297,AAPL
2022-03-21,162.52987670898438,AAPL
2022-03-22,165.91055297851562,AAPL
2022-03-23,167.27659606933594,AAPL
2022-03-24,171.0701141357422,AAPL
2022-03-25,171.70889282226562,AAPL
2022-03-28,172.57371520996094,AAPL
2022-03-29,175.87582397460938,AAPL
2022-03-30,174.70631408691406,AAPL
2022-03-31,171.6007843017578,AAPL
2022-04-01,171.3059539794922,AAPL
2022-04-04,175.3647918701172,AAPL
2022-04-05,172.0430145263672,AAPL
2022-04-06,168.86871337890625,AAPL
2022-04-07,169.17332458496094,AAPL
2022-04-08,167.15867614746094,AAPL
2022-04-11,162.8934783935547,AAPL
2022-04-12,164.7705535888672,AAPL
2022-04-13,167.4633331298828,AAPL
2022-04-14,162.44140625,AAPL
2022-04-18,162.22523498535156,AAPL
2022-04-19,164.51502990722656,AAPL
2022-04-20,164.34796142578125,AAPL
2022-04-21,163.55191040039062,AAPL
2022-04-22,159.00172424316406,AAPL
2022-04-25,160.07296752929688,AAPL
2022-04-26,154.09771728515625,AAPL
2022-04-27,153.87167358398438,AAPL
2022-04-28,160.81985473632812,AAPL
2022-04-29,154.93307495117188,AAPL
2022-05-02,155.2377166748047,AAPL
2022-05-03,156.7315216064453,AAPL
2022-05-04,163.15884399414062,AAPL
2022-05-05,154.0682373046875,AAPL
2022-05-06,154.7965545654297,AAPL
2022-05-09,149.65896606445312,AAPL
2022-05-10,152.07028198242188,AAPL
2022-05-11,144.18678283691406,AAPL
2022-05-12,140.30897521972656,AAPL
2022-05-13,144.787109375,AAPL
2022-05-16,143.24191284179688,AAPL
2022-05-17,146.8834991455078,AAPL
2022-05-18,138.59645080566406,AAPL
2022-05-19,135.18124389648438,AAPL
2022-05-20,135.4174346923828,AAPL
2022-05-23,140.8502960205078,AAPL
2022-05-24,138.14370727539062,AAPL
2022-05-25,138.30116271972656,AAPL
2022-05-26,141.509765625,AAPL
2022-05-27,147.27720642089844,AAPL
2022-05-31,146.4898223876953,AAPL
2022-06-01,146.3618621826172,AAPL
2022-06-02,148.82244873046875,AAPL
2022-06-03,143.08447265625,AAPL
2022-06-06,143.8324432373047,AAPL
2022-06-07,146.3618621826172,AAPL
2022-06-08,145.62371826171875,AAPL
2022-06-09,140.3877410888672,AAPL
2022-06-10,134.96473693847656,AAPL
2022-06-13,129.79763793945312,AAPL
2022-06-14,130.66372680664062,AAPL
2022-06-15,133.29156494140625,AAPL
2022-06-16,128.00633239746094,AAPL
2022-06-17,129.482666015625,AAPL
2022-06-21,133.724609375,AAPL
2022-06-22,133.2128448486328,AAPL
2022-06-23,136.0867462158203,AAPL
2022-06-24,139.42318725585938,AAPL
2022-06-27,139.42318725585938,AAPL
2022-06-28,135.2698516845703,AAPL
2022-06-29,137.03160095214844,AAPL
2022-06-30,134.5612030029297,AAPL
2022-07-01,136.73629760742188,AAPL
2022-07-05,139.32473754882812,AAPL
2022-07-06,140.66329956054688,AAPL
2022-07-07,144.0391082763672,AAPL
2022-07-08,144.7182159423828,AAPL
2022-07-11,142.58251953125,AAPL
2022-07-12,143.55685424804688,AAPL
2022-07-13,143.19271850585938,AAPL
2022-07-14,146.1256561279297,AAPL
2022-07-15,147.79881286621094,AAPL
2022-07-18,144.74777221679688,AAPL
2022-07-19,148.61572265625,AAPL
2022-07-20,150.62350463867188,AAPL
2022-07-21,152.89703369140625,AAPL
2022-07-22,151.6569366455078,AAPL
2022-07-25,150.53489685058594,AAPL
2022-07-26,149.20623779296875,AAPL
2022-07-27,154.31430053710938,AAPL
2022-07-28,154.86546325683594,AAPL
2022-07-29,159.94398498535156,AAPL
2022-08-01,158.95973205566406,AAPL
2022-08-02,157.48345947265625,AAPL
2022-08-03,163.50680541992188,AAPL
2022-08-04,163.19186401367188,AAPL
2022-08-05,162.96519470214844,AAPL
2022-08-08,162.49212646484375,AAPL
2022-08-09,162.54139709472656,AAPL
2022-08-10,166.79908752441406,AAPL
2022-08-11,166.0598907470703,AAPL
2022-08-12,169.6178436279297,AAPL
2022-08-15,170.69207763671875,AAPL
2022-08-16,170.53440856933594,AAPL
2022-08-17,172.032470703125,AAPL
2022-08-18,171.6382598876953,AAPL
2022-08-19,169.0461883544922,AAPL
2022-08-22,165.1531982421875,AAPL
2022-08-23,164.81805419921875,AAPL
2022-08-24,165.1137237548828,AAPL
2022-08-25,167.57766723632812,AAPL
2022-08-26,161.26011657714844,AAPL
2022-08-29,159.05242919921875,AAPL
2022-08-30,156.61805725097656,AAPL
2022-08-31,154.95245361328125,AAPL
2022-09-01,155.6817626953125,AAPL
2022-09-02,153.56277465820312,AAPL
2022-09-06,152.30123901367188,AAPL
2022-09-07,153.71063232421875,AAPL
2022-09-08,152.23226928710938,AAPL
2022-09-09,155.1002655029297,AAPL
2022-09-12,161.0728759765625,AAPL
2022-09-13,151.6212158203125,AAPL
2022-09-14,153.06996154785156,AAPL
2022-09-15,150.17236328125,AAPL
2022-09-16,148.5264892578125,AAPL
2022-09-19,152.251953125,AAPL
2022-09-20,154.63705444335938,AAPL
2022-09-21,151.5029296875,AAPL
2022-09-22,150.5370635986328,AAPL
2022-09-23,148.26036071777344,AAPL
2022-09-26,148.595458984375,AAPL
2022-09-27,149.5712127685547,AAPL
2022-09-28,147.6788787841797,AAPL
2022-09-29,140.42501831054688,AAPL
2022-09-30,136.20675659179688,AAPL
2022-10-03,140.3954620361328,AAPL
2022-10-04,143.99281311035156,AAPL
2022-10-05,144.28846740722656,AAPL
2022-10-06,143.3324737548828,AAPL
2022-10-07,138.06948852539062,AAPL
2022-10-10,138.39471435546875,AAPL
2022-10-11,136.97552490234375,AAPL
2022-10-12,136.34471130371094,AAPL
2022-10-13,140.9276885986328,AAPL
2022-10-14,136.3841552734375,AAPL
2022-10-17,140.3560333251953,AAPL
2022-10-18,141.6767120361328,AAPL
2022-10-19,141.78514099121094,AAPL
2022-10-20,141.3218994140625,AAPL
2022-10-21,145.14593505859375,AAPL
2022-10-24,147.2945098876953,AAPL
2022-10-25,150.14280700683594,AAPL
2022-10-26,147.19595336914062,AAPL
2022-10-27,142.71160888671875,AAPL
2022-10-28,153.49380493164062,AAPL
2022-10-31,151.12840270996094,AAPL
2022-11-01,148.4771728515625,AAPL
2022-11-02,142.93826293945312,AAPL
2022-11-03,136.87696838378906,AAPL
2022-11-04,136.6103973388672,AAPL
2022-11-07,137.14349365234375,AAPL
2022-11-08,137.71607971191406,AAPL
2022-11-09,133.14529418945312,AAPL
2022-11-10,144.99185180664062,AAPL
2022-11-11,147.78561401367188,AAPL
2022-11-14,146.38380432128906,AAPL
2022-11-15,148.12130737304688,AAPL
2022-11-16,146.8872833251953,AAPL
2022-11-17,148.7926025390625,AAPL
2022-11-18,149.35531616210938,AAPL
2022-11-21,146.11724853515625,AAPL
2022-11-22,148.259521484375,AAPL
2022-11-23,149.13812255859375,AAPL
2022-11-25,146.2159881591797,AAPL
2022-11-28,142.37571716308594,AAPL
2022-11-29,139.36473083496094,AAPL
2022-11-30,146.1370086669922,AAPL
2022-12-01,146.4134063720703,AAPL
2022-12-02,145.91981506347656,AAPL
2022-12-05,144.75491333007812,AAPL
2022-12-06,141.08248901367188,AAPL
2022-12-07,139.1376495361328,AAPL
2022-12-08,140.82579040527344,AAPL
2022-12-09,140.34207153320312,AAPL
2022-12-12,142.6422882080078,AAPL
2022-12-13,143.6097412109375,AAPL
2022-12-14,141.3786163330078,AAPL
2022-12-15,134.7544403076172,AAPL
2022-12-16,132.7898712158203,AAPL
2022-12-19,130.67726135253906,AAPL
2022-12-20,130.60816955566406,AAPL
2022-12-21,133.71788024902344,AAPL
2022-12-22,130.53904724121094,AAPL
2022-12-23,130.17379760742188,AAPL
2022-12-27,128.3671875,AAPL
2022-12-28,124.42821502685548,AAPL
2022-12-29,127.95255279541016,AAPL
2022-12-30,128.26846313476562,AAPL
2023-01-03,123.47061920166016,AAPL
2023-01-04,124.7441177368164,AAPL
2023-01-05,123.4212646484375,AAPL
2023-01-06,127.96240997314452,AAPL
2023-01-09,128.4856719970703,AAPL
2023-01-10,129.05824279785156,AAPL
2023-01-11,131.78294372558594,AAPL
2023-01-12,131.70396423339844,AAPL
2023-01-13,133.0366973876953,AAPL
2023-01-17,134.20159912109375,AAPL
2023-01-18,133.48094177246094,AAPL
2023-01-19,133.54017639160156,AAPL
2023-01-20,136.10691833496094,AAPL
2023-01-23,139.3054962158203,AAPL
2023-01-24,140.70738220214844,AAPL
2023-01-25,140.04591369628906,AAPL
2023-01-26,142.11903381347656,AAPL
2023-01-27,144.0638427734375,AAPL
2023-01-30,141.17132568359375,AAPL
2023-01-31,142.44480895996094,AAPL
2023-02-01,143.5702362060547,AAPL
2023-02-02,148.891357421875,AAPL
2023-02-03,152.52427673339844,AAPL
2023-02-06,149.7896728515625,AAPL
2023-02-07,152.67234802246094,AAPL
2023-02-08,149.97726440429688,AAPL
2023-02-09,148.94070434570312,AAPL
2023-02-10,149.3065185546875,AAPL
2023-02-13,152.11447143554688,AAPL
2023-02-14,151.4718017578125,AAPL
2023-02-15,153.57777404785156,AAPL
2023-02-16,151.97607421875,AAPL
2023-02-17,150.8291473388672,AAPL
2023-02-21,146.80508422851562,AAPL
2023-02-22,147.23020935058594,AAPL
2023-02-23,147.71466064453125,AAPL
2023-02-24,145.05502319335938,AAPL
2023-02-27,146.25137329101562,AAPL
2023-02-28,145.7471160888672,AAPL
2023-03-01,143.67079162597656,AAPL
2023-03-02,144.26406860351562,AAPL
2023-03-03,149.32627868652344,AAPL
2023-03-06,152.09471130371094,AAPL
2023-03-07,149.88986206054688,AAPL
2023-03-08,151.1455535888672,AAPL
2023-03-09,148.8912811279297,AAPL
2023-03-10,146.8248291015625,AAPL
2023-03-13,148.77261352539062,AAPL
2023-03-14,150.8686981201172,AAPL
2023-03-15,151.26416015625,AAPL
2023-03-16,154.09193420410156,AAPL
2023-03-17,153.2515106201172,AAPL
2023-03-20,155.62442016601562,AAPL
2023-03-21,157.4832000732422,AAPL
2023-03-22,156.04957580566406,AAPL
2020-06-04,174.9653778076172,MSFT
2020-06-05,179.05929565429688,MSFT
2020-06-08,180.16883850097656,MSFT
2020-06-09,181.54620361328125,MSFT
2020-06-10,188.2800445556641,MSFT
2020-06-11,178.1697235107422,MSFT
2020-06-12,179.5758056640625,MSFT
2020-06-15,180.72361755371097,MSFT
2020-06-16,185.1522979736328,MSFT
2020-06-17,185.7931671142578,MSFT
2020-06-18,187.7826690673828,MSFT
2020-06-19,186.66355895996097,MSFT
2020-06-22,191.8478546142578,MSFT
2020-06-23,193.12957763671875,MSFT
2020-06-24,189.2365875244141,MSFT
2020-06-25,191.6278533935547,MSFT
2020-06-26,187.7922210693359,MSFT
2020-06-29,189.81053161621097,MSFT
2020-06-30,194.6599884033203,MSFT
2020-07-01,195.7982177734375,MSFT
2020-07-02,197.2904357910156,MSFT
2020-07-06,201.5373382568359,MSFT
2020-07-07,199.1939239501953,MSFT
2020-07-08,203.57472229003903,MSFT
2020-07-09,204.9999084472656,MSFT
2020-07-10,204.3781890869141,MSFT
2020-07-13,198.065185546875,MSFT
2020-07-14,199.28952026367188,MSFT
2020-07-15,198.9929656982422,MSFT
2020-07-16,195.05218505859375,MSFT
2020-07-17,194.0574188232422,MSFT
2020-07-20,202.3981781005859,MSFT
2020-07-21,199.6721343994141,MSFT
2020-07-22,202.54168701171875,MSFT
2020-07-23,193.732177734375,MSFT
2020-07-24,192.54611206054688,MSFT
2020-07-27,194.9852294921875,MSFT
2020-07-28,193.2348175048828,MSFT
2020-07-29,195.18606567382812,MSFT
2020-07-30,195.0330352783203,MSFT
2020-07-31,196.0947723388672,MSFT
2020-08-03,207.12335205078125,MSFT
2020-08-04,204.0146942138672,MSFT
2020-08-05,203.67990112304688,MSFT
2020-08-06,206.94161987304688,MSFT
2020-08-07,203.23992919921875,MSFT
2020-08-10,199.1939239501953,MSFT
2020-08-11,194.53565979003903,MSFT
2020-08-12,200.0930023193359,MSFT
2020-08-13,199.624267578125,MSFT
2020-08-14,199.8155975341797,MSFT
2020-08-17,201.13560485839844,MSFT
2020-08-18,202.29298400878903,MSFT
2020-08-19,201.0656585693359,MSFT
2020-08-20,205.74476623535156,MSFT
2020-08-21,204.2489776611328,MSFT
2020-08-24,204.89141845703125,MSFT
2020-08-25,207.55694580078125,MSFT
2020-08-26,212.0442352294922,MSFT
2020-08-27,217.2506866455078,MSFT
2020-08-28,219.48472595214844,MSFT
2020-08-31,216.24386596679688,MSFT
2020-09-01,217.91226196289065,MSFT
2020-09-02,222.1119384765625,MSFT
2020-09-03,208.3527679443359,MSFT
2020-09-04,205.42832946777344,MSFT
2020-09-08,194.3155517578125,MSFT
2020-09-09,202.5902099609375,MSFT
2020-09-10,196.9139709472656,MSFT
2020-09-11,195.6291351318359,MSFT
2020-09-14,196.95236206054688,MSFT
2020-09-15,200.18353271484375,MSFT
2020-09-16,196.60714721679688,MSFT
2020-09-17,194.5552520751953,MSFT
2020-09-18,192.1390380859375,MSFT
2020-09-21,194.20053100585935,MSFT
2020-09-22,198.8795623779297,MSFT
2020-09-23,192.3307647705078,MSFT
2020-09-24,194.82373046875,MSFT
2020-09-25,199.2630920410156,MSFT
2020-09-28,200.81642150878903,MSFT
2020-09-29,198.7261199951172,MSFT
2020-09-30,201.66976928710935,MSFT
2020-10-01,203.7120361328125,MSFT
2020-10-02,197.7001953125,MSFT
2020-10-05,201.7176971435547,MSFT
2020-10-06,197.43174743652344,MSFT
2020-10-07,201.19032287597656,MSFT
2020-10-08,201.90948486328125,MSFT
2020-10-09,206.92413330078125,MSFT
2020-10-12,212.28399658203125,MSFT
2020-10-13,213.6838531494141,MSFT
2020-10-14,211.76617431640625,MSFT
2020-10-15,210.61558532714844,MSFT
2020-10-16,210.61558532714844,MSFT
2020-10-19,205.3996124267578,MSFT
2020-10-20,205.81190490722656,MSFT
2020-10-21,205.95570373535156,MSFT
2020-10-22,206.04200744628903,MSFT
2020-10-23,207.32681274414065,MSFT
2020-10-26,201.4300079345703,MSFT
2020-10-27,204.46951293945312,MSFT
2020-10-28,194.3347320556641,MSFT
2020-10-29,196.2907257080078,MSFT
2020-10-30,194.13340759277344,MSFT
2020-11-02,193.99913024902344,MSFT
2020-11-03,197.9302978515625,MSFT
2020-11-04,207.480224609375,MSFT
2020-11-05,214.09613037109375,MSFT
2020-11-06,214.5084228515625,MSFT
2020-11-09,209.39788818359375,MSFT
2020-11-10,202.3217315673828,MSFT
2020-11-11,207.6336212158203,MSFT
2020-11-12,206.5693817138672,MSFT
2020-11-13,207.59532165527344,MSFT
2020-11-16,208.28564453125,MSFT
2020-11-17,205.6296844482422,MSFT
2020-11-18,202.91876220703125,MSFT
2020-11-19,204.2069549560547,MSFT
2020-11-20,202.25543212890625,MSFT
2020-11-23,201.98622131347656,MSFT
2020-11-24,205.5912628173828,MSFT
2020-11-25,205.6008758544922,MSFT
2020-11-27,206.9082794189453,MSFT
2020-11-30,205.79312133789065,MSFT
2020-12-01,207.8503875732422,MSFT
2020-12-02,207.04286193847656,MSFT
2020-12-03,205.95657348632812,MSFT
2020-12-04,206.0718994140625,MSFT
2020-12-07,206.0046234130859,MSFT
2020-12-08,207.65809631347656,MSFT
2020-12-09,203.61090087890625,MSFT
2020-12-10,202.38043212890625,MSFT
2020-12-11,205.0144500732422,MSFT
2020-12-14,205.91810607910156,MSFT
2020-12-15,205.85079956054688,MSFT
2020-12-16,210.80169677734375,MSFT
2020-12-17,210.9362640380859,MSFT
2020-12-18,210.13836669921875,MSFT
2020-12-21,213.98370361328125,MSFT
2020-12-22,215.281494140625,MSFT
2020-12-23,212.4744110107422,MSFT
2020-12-24,214.13751220703125,MSFT
2020-12-28,216.2620391845703,MSFT
2020-12-29,215.48338317871097,MSFT
2020-12-30,213.10888671875,MSFT
2020-12-31,213.82029724121097,MSFT
2021-01-04,209.2731475830078,MSFT
2021-01-05,209.4750061035156,MSFT
2021-01-06,204.04351806640625,MSFT
2021-01-07,209.84994506835935,MSFT
2021-01-08,211.12852478027344,MSFT
2021-01-11,209.08090209960935,MSFT
2021-01-12,206.6198883056641,MSFT
2021-01-13,207.97540283203125,MSFT
2021-01-14,204.78367614746097,MSFT
2021-01-15,204.42803955078125,MSFT
2021-01-19,208.0714874267578,MSFT
2021-01-20,215.6660614013672,MSFT
2021-01-21,216.2716827392578,MSFT
2021-01-22,217.21380615234375,MSFT
2021-01-25,220.65538024902344,MSFT
2021-01-26,223.34710693359375,MSFT
2021-01-27,223.89508056640625,MSFT
2021-01-28,229.6919403076172,MSFT
2021-01-29,222.99139404296875,MSFT
2021-02-01,230.38409423828125,MSFT
2021-02-02,230.24948120117188,MSFT
2021-02-03,233.6045684814453,MSFT
2021-02-04,232.65283203125,MSFT
2021-02-05,232.8354949951172,MSFT
2021-02-08,233.0950469970703,MSFT
2021-02-09,234.3448028564453,MSFT
2021-02-10,233.4315643310547,MSFT
2021-02-11,235.03695678710935,MSFT
2021-02-12,235.51763916015625,MSFT
2021-02-16,234.2774658203125,MSFT
2021-02-17,235.29884338378903,MSFT
2021-02-18,234.90379333496097,MSFT
2021-02-19,232.18658447265625,MSFT
2021-02-22,225.9620361328125,MSFT
2021-02-23,224.76727294921875,MSFT
2021-02-24,226.0005798339844,MSFT
2021-02-25,220.64324951171875,MSFT
2021-02-26,223.9097137451172,MSFT
2021-03-01,228.303466796875,MSFT
2021-03-02,225.3453826904297,MSFT
2021-03-03,219.2653656005859,MSFT
2021-03-04,218.46563720703125,MSFT
2021-03-05,223.15817260742188,MSFT
2021-03-08,219.1015625,MSFT
2021-03-09,225.2586669921875,MSFT
2021-03-10,223.94822692871097,MSFT
2021-03-11,228.4865570068359,MSFT
2021-03-12,227.15687561035156,MSFT
2021-03-15,226.2511444091797,MSFT
2021-03-16,229.04542541503903,MSFT
2021-03-17,228.39987182617188,MSFT
2021-03-18,222.31021118164065,MSFT
2021-03-19,221.9536590576172,MSFT
2021-03-22,227.3881072998047,MSFT
2021-03-23,228.92013549804688,MSFT
2021-03-24,226.87741088867188,MSFT
2021-03-25,223.8711700439453,MSFT
2021-03-26,227.8602294921875,MSFT
2021-03-29,226.66546630859375,MSFT
2021-03-30,223.3990478515625,MSFT
2021-03-31,227.17611694335935,MSFT
2021-04-01,233.5163116455078,MSFT
2021-04-05,239.99134826660156,MSFT
2021-04-06,238.825439453125,MSFT
2021-04-07,240.7911071777344,MSFT
2021-04-08,244.01898193359375,MSFT
2021-04-09,246.52420043945312,MSFT
2021-04-12,246.58200073242188,MSFT
2021-04-13,249.0679626464844,MSFT
2021-04-14,246.27371215820312,MSFT
2021-04-15,250.04116821289065,MSFT
2021-04-16,251.2360382080078,MSFT
2021-04-19,249.30889892578125,MSFT
2021-04-20,248.8463592529297,MSFT
2021-04-21,251.081787109375,MSFT
2021-04-22,247.7961273193359,MSFT
2021-04-23,251.6310577392578,MSFT
2021-04-26,252.01644897460935,MSFT
2021-04-27,252.42117309570312,MSFT
2021-04-28,245.28126525878903,MSFT
2021-04-29,243.30596923828125,MSFT
2021-04-30,242.98797607421875,MSFT
2021-05-03,242.67962646484375,MSFT
2021-05-04,238.75802612304688,MSFT
2021-05-05,237.48611450195312,MSFT
2021-05-06,240.62728881835935,MSFT
2021-05-07,243.2577667236328,MSFT
2021-05-10,238.17025756835935,MSFT
2021-05-11,237.25485229492188,MSFT
2021-05-12,230.28839111328125,MSFT
2021-05-13,234.17149353027344,MSFT
2021-05-14,239.1048583984375,MSFT
2021-05-17,236.24314880371097,MSFT
2021-05-18,234.2196807861328,MSFT
2021-05-19,234.7991485595703,MSFT
2021-05-20,238.04415893554688,MSFT
2021-05-21,236.7789764404297,MSFT
2021-05-24,242.1970062255859,MSFT
2021-05-25,243.10484313964844,MSFT
2021-05-26,242.88270568847656,MSFT
2021-05-27,240.7772979736328,MSFT
2021-05-28,241.13461303710935,MSFT
2021-06-01,238.93264770507812,MSFT
2021-06-02,238.83609008789065,MSFT
2021-06-03,237.30050659179688,MSFT
2021-06-04,242.20664978027344,MSFT
2021-06-07,245.123291015625,MSFT
2021-06-08,243.9257049560547,MSFT
2021-06-09,244.9108123779297,MSFT
2021-06-10,248.4358673095703,MSFT
2021-06-11,249.0636444091797,MSFT
2021-06-14,250.99514770507812,MSFT
2021-06-15,249.5175323486328,MSFT
2021-06-16,248.5711212158203,MSFT
2021-06-17,251.9706573486328,MSFT
2021-06-18,250.5509490966797,MSFT
2021-06-21,253.64144897460935,MSFT
2021-06-22,256.4228515625,MSFT
2021-06-23,256.1910400390625,MSFT
2021-06-24,257.5624084472656,MSFT
2021-06-25,255.9496612548828,MSFT
2021-06-28,259.52294921875,MSFT
2021-06-29,262.1112365722656,MSFT
2021-06-30,261.6283264160156,MSFT
2021-07-01,262.304443359375,MSFT
2021-07-02,268.1473083496094,MSFT
2021-07-06,268.1570739746094,MSFT
2021-07-07,270.3493347167969,MSFT
2021-07-08,267.9253234863281,MSFT
2021-07-09,268.4273986816406,MSFT
2021-07-12,267.8287353515625,MSFT
2021-07-13,271.3633728027344,MSFT
2021-07-14,272.84100341796875,MSFT
2021-07-15,271.4116516113281,MSFT
2021-07-16,271.1412048339844,MSFT
2021-07-19,267.52923583984375,MSFT
2021-07-20,269.76019287109375,MSFT
2021-07-21,271.7690124511719,MSFT
2021-07-22,276.3467712402344,MSFT
2021-07-23,279.7560119628906,MSFT
2021-07-26,279.1571350097656,MSFT
2021-07-27,276.7330627441406,MSFT
2021-07-28,276.4240417480469,MSFT
2021-07-29,276.6944274902344,MSFT
2021-07-30,275.15887451171875,MSFT
2021-08-02,275.07196044921875,MSFT
2021-08-03,277.293212890625,MSFT
2021-08-04,276.7041015625,MSFT
2021-08-05,279.6110534667969,MSFT
2021-08-06,279.5531311035156,MSFT
2021-08-09,278.46185302734375,MSFT
2021-08-10,276.6365051269531,MSFT
2021-08-11,277.1290588378906,MSFT
2021-08-12,279.8912048339844,MSFT
2021-08-13,282.8271484375,MSFT
2021-08-16,284.51727294921875,MSFT
2021-08-17,283.0492248535156,MSFT
2021-08-18,281.31719970703125,MSFT
2021-08-19,287.16162109375,MSFT
2021-08-20,294.5058898925781,MSFT
2021-08-23,294.7865295410156,MSFT
2021-08-24,292.8222961425781,MSFT
2021-08-25,292.23199462890625,MSFT
2021-08-26,289.4065246582031,MSFT
2021-08-27,290.01617431640625,MSFT
2021-08-30,293.7608337402344,MSFT
2021-08-31,292.1062316894531,MSFT
2021-09-01,292.0578308105469,MSFT
2021-09-02,291.3998718261719,MSFT
2021-09-03,291.39013671875,MSFT
2021-09-07,290.4612731933594,MSFT
2021-09-08,290.4903564453125,MSFT
2021-09-09,287.62615966796875,MSFT
2021-09-10,286.13592529296875,MSFT
2021-09-13,287.3744812011719,MSFT
2021-09-14,290.0838623046875,MSFT
2021-09-15,294.9510192871094,MSFT
2021-09-16,295.3381042480469,MSFT
2021-09-17,290.1613464355469,MSFT
2021-09-20,284.7716369628906,MSFT
2021-09-21,285.25537109375,MSFT
2021-09-22,288.9130554199219,MSFT
2021-09-23,289.86138916015625,MSFT
2021-09-24,289.6581726074219,MSFT
2021-09-27,284.6458435058594,MSFT
2021-09-28,274.3406066894531,MSFT
2021-09-29,274.80511474609375,MSFT
2021-09-30,272.7924499511719,MSFT
2021-10-01,279.7400207519531,MSFT
2021-10-04,273.9438781738281,MSFT
2021-10-05,279.4110107421875,MSFT
2021-10-06,283.6201171875,MSFT
2021-10-07,285.3038635253906,MSFT
2021-10-08,285.3038635253906,MSFT
2021-10-11,284.70391845703125,MSFT
2021-10-12,283.3975524902344,MSFT
2021-10-13,286.7165222167969,MSFT
2021-10-14,292.9480285644531,MSFT
2021-10-15,294.3608093261719,MSFT
2021-10-18,297.341064453125,MSFT
2021-10-19,298.2506408691406,MSFT
2021-10-20,297.4571838378906,MSFT
2021-10-21,300.6986999511719,MSFT
2021-10-22,299.1504821777344,MSFT
2021-10-25,298.1539306640625,MSFT
2021-10-26,300.0697326660156,MSFT
2021-10-27,312.7069396972656,MSFT
2021-10-28,313.84869384765625,MSFT
2021-10-29,320.8833312988281,MSFT
2021-11-01,318.7061767578125,MSFT
2021-11-02,322.3443908691406,MSFT
2021-11-03,323.18621826171875,MSFT
2021-11-04,325.5472106933594,MSFT
2021-11-05,325.1795349121094,MSFT
2021-11-08,326.0794982910156,MSFT
2021-11-09,325.0731506347656,MSFT
2021-11-10,320.0898742675781,MSFT
2021-11-11,321.6671447753906,MSFT
2021-11-12,325.8182373046875,MSFT
2021-11-15,325.18927001953125,MSFT
2021-11-16,328.51788330078125,MSFT
2021-11-17,328.7408447265625,MSFT
2021-11-18,330.8249816894531,MSFT
2021-11-19,332.60870361328125,MSFT
2021-11-22,329.4291076660156,MSFT
2021-11-23,327.3448486328125,MSFT
2021-11-24,327.56787109375,MSFT
2021-11-26,319.5898132324219,MSFT
2021-11-29,326.32708740234375,MSFT
2021-11-30,320.4718933105469,MSFT
2021-12-01,319.9775390625,MSFT
2021-12-02,319.40557861328125,MSFT
2021-12-03,313.1239013671875,MSFT
2021-12-06,316.20654296875,MSFT
2021-12-07,324.6694030761719,MSFT
2021-12-08,324.7178955078125,MSFT
2021-12-09,322.9051208496094,MSFT
2021-12-10,332.0561828613281,MSFT
2021-12-13,329.01226806640625,MSFT
2021-12-14,318.29083251953125,MSFT
2021-12-15,324.4076232910156,MSFT
2021-12-16,314.9560852050781,MSFT
2021-12-17,313.8898010253906,MSFT
2021-12-20,310.11871337890625,MSFT
2021-12-21,317.2729187011719,MSFT
2021-12-22,323.00201416015625,MSFT
2021-12-23,324.44647216796875,MSFT
2021-12-27,331.9689636230469,MSFT
2021-12-28,330.8056945800781,MSFT
2021-12-29,331.4842834472656,MSFT
2021-12-30,328.93475341796875,MSFT
2021-12-31,326.0265808105469,MSFT
2022-01-03,324.5046691894531,MSFT
2022-01-04,318.9402770996094,MSFT
2022-01-05,306.6968078613281,MSFT
2022-01-06,304.2733154296875,MSFT
2022-01-07,304.428466796875,MSFT
2022-01-10,304.6513671875,MSFT
2022-01-11,305.3397216796875,MSFT
2022-01-12,308.52899169921875,MSFT
2022-01-13,295.4713134765625,MSFT
2022-01-14,300.70599365234375,MSFT
2022-01-18,293.38702392578125,MSFT
2022-01-19,294.04620361328125,MSFT
2022-01-20,292.3692321777344,MSFT
2022-01-21,286.9697265625,MSFT
2022-01-24,287.2992248535156,MSFT
2022-01-25,279.6604919433594,MSFT
2022-01-26,287.6287841796875,MSFT
2022-01-27,290.6630554199219,MSFT
2022-01-28,298.82537841796875,MSFT
2022-01-31,301.462158203125,MSFT
2022-02-01,299.3100891113281,MSFT
2022-02-02,303.8661804199219,MSFT
2022-02-03,292.02996826171875,MSFT
2022-02-04,296.5763854980469,MSFT
2022-02-07,291.7391052246094,MSFT
2022-02-08,295.2385559082031,MSFT
2022-02-09,301.6850280761719,MSFT
2022-02-10,293.12530517578125,MSFT
2022-02-11,286.0100402832031,MSFT
2022-02-14,285.97119140625,MSFT
2022-02-15,291.2737731933594,MSFT
2022-02-16,290.9338073730469,MSFT
2022-02-17,282.4146423339844,MSFT
2022-02-18,279.69476318359375,MSFT
2022-02-22,279.4906921386719,MSFT
2022-02-23,272.2538146972656,MSFT
2022-02-24,286.1641845703125,MSFT
2022-02-25,288.806396484375,MSFT
2022-02-28,290.244140625,MSFT
2022-03-01,286.5139465332031,MSFT
2022-03-02,291.6040344238281,MSFT
2022-03-03,287.4562072753906,MSFT
2022-03-04,281.56951904296875,MSFT
2022-03-07,270.9327087402344,MSFT
2022-03-08,267.9602355957031,MSFT
2022-03-09,280.2484130859375,MSFT
2022-03-10,277.4216613769531,MSFT
2022-03-11,272.0595397949219,MSFT
2022-03-14,268.53338623046875,MSFT
2022-03-15,278.9370422363281,MSFT
2022-03-16,285.9699401855469,MSFT
2022-03-17,286.77618408203125,MSFT
2022-03-18,291.837158203125,MSFT
2022-03-21,290.6035461425781,MSFT
2022-03-22,295.3633728027344,MSFT
2022-03-23,290.924072265625,MSFT
2022-03-24,295.40228271484375,MSFT
2022-03-25,294.9942626953125,MSFT
2022-03-28,301.8134460449219,MSFT
2022-03-29,306.38873291015625,MSFT
2022-03-30,304.883056640625,MSFT
2022-03-31,299.49176025390625,MSFT
2022-04-01,300.570068359375,MSFT
2022-04-04,305.9613342285156,MSFT
2022-04-05,301.9883117675781,MSFT
2022-04-06,290.9338073730469,MSFT
2022-04-07,292.7503356933594,MSFT
2022-04-08,288.47613525390625,MSFT
2022-04-11,277.10101318359375,MSFT
2022-04-12,273.9925537109375,MSFT
2022-04-13,279.3935852050781,MSFT
2022-04-14,271.826416015625,MSFT
2022-04-18,272.4966125488281,MSFT
2022-04-19,277.1399230957031,MSFT
2022-04-20,278.169677734375,MSFT
2022-04-21,272.77838134765625,MSFT
2022-04-22,266.19232177734375,MSFT
2022-04-25,272.6908874511719,MSFT
2022-04-26,262.4912109375,MSFT
2022-04-27,275.11944580078125,MSFT
2022-04-28,281.34613037109375,MSFT
2022-04-29,269.58245849609375,MSFT
2022-05-02,276.33367919921875,MSFT
2022-05-03,273.7206115722656,MSFT
2022-05-04,281.68609619140625,MSFT
2022-05-05,269.41729736328125,MSFT
2022-05-06,266.87225341796875,MSFT
2022-05-09,257.0125732421875,MSFT
2022-05-10,261.7918701171875,MSFT
2022-05-11,253.09783935546875,MSFT
2022-05-12,248.04656982421875,MSFT
2022-05-13,253.6515960693359,MSFT
2022-05-16,254.02064514160156,MSFT
2022-05-17,259.1884765625,MSFT
2022-05-18,247.38772583007812,MSFT
2022-05-19,246.4724884033203,MSFT
2022-05-20,245.9077911376953,MSFT
2022-05-23,253.78463745117188,MSFT
2022-05-24,252.78179931640625,MSFT
2022-05-25,255.60540771484375,MSFT
2022-05-26,258.89642333984375,MSFT
2022-05-27,266.04302978515625,MSFT
2022-05-31,264.7091369628906,MSFT
2022-06-01,265.2446594238281,MSFT
2022-06-02,267.3478088378906,MSFT
2022-06-03,262.9078369140625,MSFT
2022-06-06,261.67132568359375,MSFT
2022-06-07,265.3226013183594,MSFT
2022-06-08,263.28765869140625,MSFT
2022-06-09,257.815673828125,MSFT
2022-06-10,246.3264617919922,MSFT
2022-06-13,235.87905883789065,MSFT
2022-06-14,238.0503387451172,MSFT
2022-06-15,245.1288299560547,MSFT
2022-06-16,238.5177001953125,MSFT
2022-06-17,241.1270751953125,MSFT
2022-06-21,247.0566864013672,MSFT
2022-06-22,246.46275329589844,MSFT
2022-06-23,252.04180908203125,MSFT
2022-06-24,260.6490173339844,MSFT
2022-06-27,257.91302490234375,MSFT
2022-06-28,249.7245178222656,MSFT
2022-06-29,253.4049530029297,MSFT
2022-06-30,250.06529235839844,MSFT
2022-07-01,252.7428436279297,MSFT
2022-07-05,255.92669677734375,MSFT
2022-07-06,259.1982727050781,MSFT
2022-07-07,261.3305358886719,MSFT
2022-07-08,260.61004638671875,MSFT
2022-07-11,257.5430908203125,MSFT
2022-07-12,246.9885406494141,MSFT
2022-07-13,246.0635681152344,MSFT
2022-07-14,247.38772583007812,MSFT
2022-07-15,249.9582061767578,MSFT
2022-07-18,247.55325317382812,MSFT
2022-07-19,252.6941680908203,MSFT
2022-07-20,255.3620452880859,MSFT
2022-07-21,257.86431884765625,MSFT
2022-07-22,253.5022735595703,MSFT
2022-07-25,252.01258850097656,MSFT
2022-07-26,245.26513671875,MSFT
2022-07-27,261.66162109375,MSFT
2022-07-28,269.1296081542969,MSFT
2022-07-29,273.3454895019531,MSFT
2022-08-01,270.6875,MSFT
2022-08-02,267.58148193359375,MSFT
2022-08-03,275.02996826171875,MSFT
2022-08-04,276.1788330078125,MSFT
2022-08-05,275.4584045410156,MSFT
2022-08-08,272.9366149902344,MSFT
2022-08-09,274.8644104003906,MSFT
2022-08-10,281.54376220703125,MSFT
2022-08-11,279.46014404296875,MSFT
2022-08-12,284.2213439941406,MSFT
2022-08-15,285.74017333984375,MSFT
2022-08-16,285.000244140625,MSFT
2022-08-17,284.24896240234375,MSFT
2022-08-18,283.1268615722656,MSFT
2022-08-19,279.2044372558594,MSFT
2022-08-22,271.0083312988281,MSFT
2022-08-23,269.7301025390625,MSFT
2022-08-24,269.0958557128906,MSFT
2022-08-25,272.0816345214844,MSFT
2022-08-26,261.582763671875,MSFT
2022-08-29,258.7922668457031,MSFT
2022-08-30,256.5870361328125,MSFT
2022-08-31,255.1234130859375,MSFT
2022-09-01,254.0794677734375,MSFT
2022-09-02,249.84478759765625,MSFT
2022-09-06,247.1029815673828,MSFT
2022-09-07,251.82550048828125,MSFT
2022-09-08,252.24505615234375,MSFT
2022-09-09,258.0408630371094,MSFT
2022-09-12,260.177734375,MSFT
2022-09-13,245.87356567382812,MSFT
2022-09-14,246.09799194335935,MSFT
2022-09-15,239.42401123046875,MSFT
2022-09-16,238.799560546875,MSFT
2022-09-19,238.58489990234375,MSFT
2022-09-20,236.56512451171875,MSFT
2022-09-21,233.1500701904297,MSFT
2022-09-22,235.1308135986328,MSFT
2022-09-23,232.14508056640625,MSFT
2022-09-26,231.68646240234375,MSFT
2022-09-27,230.6717071533203,MSFT
2022-09-28,235.2186279296875,MSFT
2022-09-29,231.7352600097656,MSFT
2022-09-30,227.2469482421875,MSFT
2022-10-03,234.8966522216797,MSFT
2022-10-04,242.8390350341797,MSFT
2022-10-05,243.1512908935547,MSFT
2022-10-06,240.79977416992188,MSFT
2022-10-07,228.55441284179688,MSFT
2022-10-10,223.685546875,MSFT
2022-10-11,219.9387359619141,MSFT
2022-10-12,220.27049255371097,MSFT
2022-10-13,228.55441284179688,MSFT
2022-10-14,223.01226806640625,MSFT
2022-10-17,231.7645568847656,MSFT
2022-10-18,232.7110290527344,MSFT
2022-10-19,230.7400360107422,MSFT
2022-10-20,230.4180603027344,MSFT
2022-10-21,236.24313354492188,MSFT
2022-10-24,241.24864196777344,MSFT
2022-10-25,244.5758514404297,MSFT
2022-10-26,225.70526123046875,MSFT
2022-10-27,221.2462158203125,MSFT
2022-10-28,230.14486694335935,MSFT
2022-10-31,226.49562072753903,MSFT
2022-11-01,222.6317138671875,MSFT
2022-11-02,214.75762939453125,MSFT
2022-11-03,209.04962158203125,MSFT
2022-11-04,216.0163116455078,MSFT
2022-11-07,222.33901977539065,MSFT
2022-11-08,223.31475830078125,MSFT
2022-11-09,219.06057739257812,MSFT
2022-11-10,237.0822601318359,MSFT
2022-11-11,241.1120147705078,MSFT
2022-11-14,235.6869659423828,MSFT
2022-11-15,236.09678649902344,MSFT
2022-11-16,236.5272979736328,MSFT
2022-11-17,236.47836303710935,MSFT
2022-11-18,236.0282745361328,MSFT
2022-11-21,236.84039306640625,MSFT
2022-11-22,239.7562713623047,MSFT
2022-11-23,242.25140380859375,MSFT
2022-11-25,242.1633453369141,MSFT
2022-11-28,236.55667114257812,MSFT
2022-11-29,235.15744018554688,MSFT
2022-11-30,249.648681640625,MSFT
2022-12-01,249.20838928222656,MSFT
2022-12-02,249.53126525878903,MSFT
2022-12-05,244.81500244140625,MSFT
2022-12-06,239.84434509277344,MSFT
2022-12-07,239.11045837402344,MSFT
2022-12-08,242.07525634765625,MSFT
2022-12-09,240.13790893554688,MSFT
2022-12-12,247.07530212402344,MSFT
2022-12-13,251.3903961181641,MSFT
2022-12-14,251.68394470214844,MSFT
2022-12-15,243.650634765625,MSFT
2022-12-16,239.4235992431641,MSFT
2022-12-19,235.2748565673828,MSFT
2022-12-20,236.5957794189453,MSFT
2022-12-21,239.16915893554688,MSFT
2022-12-22,233.06349182128903,MSFT
2022-12-23,233.5918426513672,MSFT
2022-12-27,231.85997009277344,MSFT
2022-12-28,229.48228454589844,MSFT
2022-12-29,235.82281494140625,MSFT
2022-12-30,234.6584320068359,MSFT
2023-01-03,234.4235687255859,MSFT
2023-01-04,224.16912841796875,MSFT
2023-01-05,217.5252685546875,MSFT
2023-01-06,220.08888244628903,MSFT
2023-01-09,222.2317352294922,MSFT
2023-01-10,223.92453002929688,MSFT
2023-01-11,230.695556640625,MSFT
2023-01-12,233.37660217285156,MSFT
2023-01-13,234.0811004638672,MSFT
2023-01-17,235.17697143554688,MSFT
2023-01-18,230.7347412109375,MSFT
2023-01-19,226.9382171630859,MSFT
2023-01-20,235.04981994628903,MSFT
2023-01-23,237.3590087890625,MSFT
2023-01-24,236.8306427001953,MSFT
2023-01-25,235.4314117431641,MSFT
2023-01-26,242.6623687744141,MSFT
2023-01-27,242.81890869140625,MSFT
2023-01-30,237.48622131347656,MSFT
2023-01-31,242.47642517089844,MSFT
2023-02-01,247.3101501464844,MSFT
2023-02-02,258.905029296875,MSFT
2023-02-03,252.7895965576172,MSFT
2023-02-06,251.2435760498047,MSFT
2023-02-07,261.8013610839844,MSFT
2023-02-08,260.9892578125,MSFT
2023-02-09,257.9461364746094,MSFT
2023-02-10,257.4373779296875,MSFT
2023-02-13,265.48040771484375,MSFT
2023-02-14,266.31219482421875,MSFT
2023-02-15,264.1835632324219,MSFT
2023-02-16,257.1502685546875,MSFT
2023-02-17,253.1382598876953,MSFT
2023-02-21,247.85110473632812,MSFT
2023-02-22,246.7132110595703,MSFT
2023-02-23,249.9110412597656,MSFT
2023-02-24,244.4668731689453,MSFT
2023-02-27,245.38897705078125,MSFT
2023-02-28,244.66305541992188,MSFT
2023-03-01,241.5731506347656,MSFT
2023-03-02,246.3208465576172,MSFT
2023-03-03,250.42111206054688,MSFT
2023-03-06,251.9709625244141,MSFT
2023-03-07,249.3028259277344,MSFT
2023-03-08,248.8614196777344,MSFT
2023-03-09,247.5077667236328,MSFT
2023-03-10,243.84890747070312,MSFT
2023-03-13,249.0772399902344,MSFT
2023-03-14,255.81622314453125,MSFT
2023-03-15,260.3775939941406,MSFT
2023-03-16,270.932373046875,MSFT
2023-03-17,274.1007080078125,MSFT
2023-03-20,267.03802490234375,MSFT
2023-03-21,268.5585021972656,MSFT
2023-03-22,267.09686279296875,MSFT
2020-06-04,883.9,VNINDEX
2020-06-05,886.22,VNINDEX
2020-06-08,899.92,VNINDEX
2020-06-09,899.43,VNINDEX
2020-06-10,900.0,VNINDEX
2020-06-11,867.37,VNINDEX
2020-06-12,863.52,VNINDEX
2020-06-15,832.47,VNINDEX
2020-06-16,856.13,VNINDEX
2020-06-17,854.44,VNINDEX
2020-06-18,855.27,VNINDEX
2020-06-19,868.56,VNINDEX
2020-06-22,871.28,VNINDEX
2020-06-23,868.2,VNINDEX
2020-06-24,859.71,VNINDEX
2020-06-25,854.59,VNINDEX
2020-06-26,851.98,VNINDEX
2020-06-29,829.36,VNINDEX
2020-06-30,825.11,VNINDEX
2020-07-01,843.49,VNINDEX
2020-07-02,842.38,VNINDEX
2020-07-03,847.61,VNINDEX
2020-07-06,861.16,VNINDEX
2020-07-07,863.42,VNINDEX
2020-07-08,864.5,VNINDEX
2020-07-09,876.46,VNINDEX
2020-07-10,871.21,VNINDEX
2020-07-13,868.72,VNINDEX
2020-07-14,868.11,VNINDEX
2020-07-15,869.91,VNINDEX
2020-07-16,876.83,VNINDEX
2020-07-17,872.02,VNINDEX
2020-07-20,861.4,VNINDEX
2020-07-21,861.69,VNINDEX
2020-07-22,855.08,VNINDEX
2020-07-23,856.75,VNINDEX
2020-07-24,829.16,VNINDEX
2020-07-27,785.17,VNINDEX
2020-07-28,813.36,VNINDEX
2020-07-29,790.84,VNINDEX
2020-07-30,801.13,VNINDEX
2020-07-31,798.39,VNINDEX
2020-08-03,814.65,VNINDEX
2020-08-04,827.57,VNINDEX
2020-08-05,837.8,VNINDEX
2020-08-06,840.04,VNINDEX
2020-08-07,841.46,VNINDEX
2020-08-10,843.2,VNINDEX
2020-08-11,843.08,VNINDEX
2020-08-12,846.92,VNINDEX
2020-08-13,855.05,VNINDEX
2020-08-14,850.74,VNINDEX
2020-08-17,850.15,VNINDEX
2020-08-18,846.43,VNINDEX
2020-08-19,851.21,VNINDEX
2020-08-20,848.21,VNINDEX
2020-08-21,854.78,VNINDEX
2020-08-24,868.68,VNINDEX
2020-08-25,874.12,VNINDEX
2020-08-26,873.47,VNINDEX
2020-08-27,874.71,VNINDEX
2020-08-28,878.98,VNINDEX
2020-08-31,881.65,VNINDEX
2020-09-01,891.73,VNINDEX
2020-09-03,903.97,VNINDEX
2020-09-04,901.54,VNINDEX
2020-09-07,888.25,VNINDEX
2020-09-08,890.14,VNINDEX
2020-09-09,889.32,VNINDEX
2020-09-10,888.82,VNINDEX
2020-09-11,888.97,VNINDEX
2020-09-14,894.57,VNINDEX
2020-09-15,896.26,VNINDEX
2020-09-16,897.47,VNINDEX
2020-09-17,894.04,VNINDEX
2020-09-18,900.95,VNINDEX
2020-09-21,907.94,VNINDEX
2020-09-22,906.19,VNINDEX
2020-09-23,912.5,VNINDEX
2020-09-24,908.58,VNINDEX
2020-09-25,908.27,VNINDEX
2020-09-28,912.5,VNINDEX
2020-09-29,903.98,VNINDEX
2020-09-30,905.21,VNINDEX
2020-10-01,914.09,VNINDEX
2020-10-02,909.91,VNINDEX
2020-10-05,914.68,VNINDEX
2020-10-06,915.67,VNINDEX
2020-10-07,919.72,VNINDEX
2020-10-08,918.84,VNINDEX
2020-10-09,924.0,VNINDEX
2020-10-12,925.83,VNINDEX
2020-10-13,929.86,VNINDEX
2020-10-14,940.18,VNINDEX
2020-10-15,942.76,VNINDEX
2020-10-16,943.3,VNINDEX
2020-10-19,943.69,VNINDEX
2020-10-20,944.42,VNINDEX
2020-10-21,939.03,VNINDEX
2020-10-22,949.9,VNINDEX
2020-10-23,961.26,VNINDEX
2020-10-26,950.8,VNINDEX
2020-10-27,946.47,VNINDEX
2020-10-28,921.05,VNINDEX
2020-10-29,919.08,VNINDEX
2020-10-30,925.47,VNINDEX
2020-11-02,933.68,VNINDEX
2020-11-03,935.41,VNINDEX
2020-11-04,939.76,VNINDEX
2020-11-05,937.75,VNINDEX
2020-11-06,938.29,VNINDEX
2020-11-09,951.99,VNINDEX
2020-11-10,951.9,VNINDEX
2020-11-11,952.22,VNINDEX
2020-11-12,959.28,VNINDEX
2020-11-13,966.29,VNINDEX
2020-11-16,950.79,VNINDEX
2020-11-17,968.9,VNINDEX
2020-11-18,973.53,VNINDEX
2020-11-19,983.26,VNINDEX
2020-11-20,990.0,VNINDEX
2020-11-23,994.19,VNINDEX
2020-11-24,995.76,VNINDEX
2020-11-25,999.94,VNINDEX
2020-11-26,1005.97,VNINDEX
2020-11-27,1010.22,VNINDEX
2020-11-30,1003.08,VNINDEX
2020-12-01,1008.87,VNINDEX
2020-12-02,1014.32,VNINDEX
2020-12-03,1019.8,VNINDEX
2020-12-04,1021.49,VNINDEX
2020-12-07,1029.98,VNINDEX
2020-12-08,1029.26,VNINDEX
2020-12-09,1039.13,VNINDEX
2020-12-10,1030.91,VNINDEX
2020-12-11,1045.96,VNINDEX
2020-12-14,1064.09,VNINDEX
2020-12-15,1055.27,VNINDEX
2020-12-16,1066.99,VNINDEX
2020-12-17,1051.77,VNINDEX
2020-12-18,1067.46,VNINDEX
2020-12-21,1081.08,VNINDEX
2020-12-22,1083.45,VNINDEX
2020-12-23,1078.9,VNINDEX
2020-12-24,1067.52,VNINDEX
2020-12-25,1084.42,VNINDEX
2020-12-28,1091.33,VNINDEX
2020-12-29,1099.49,VNINDEX
2020-12-30,1097.54,VNINDEX
2020-12-31,1103.87,VNINDEX
2021-01-04,1120.47,VNINDEX
2021-01-05,1132.55,VNINDEX
2021-01-06,1143.21,VNINDEX
2021-01-07,1156.49,VNINDEX
2021-01-08,1167.69,VNINDEX
2021-01-11,1184.89,VNINDEX
2021-01-12,1192.28,VNINDEX
2021-01-13,1186.05,VNINDEX
2021-01-14,1187.4,VNINDEX
2021-01-15,1194.2,VNINDEX
2021-01-18,1191.94,VNINDEX
2021-01-19,1131.0,VNINDEX
2021-01-20,1134.68,VNINDEX
2021-01-21,1164.21,VNINDEX
2021-01-22,1166.78,VNINDEX
2021-01-25,1166.05,VNINDEX
2021-01-26,1136.12,VNINDEX
2021-01-27,1097.17,VNINDEX
2021-01-28,1023.94,VNINDEX
2021-01-29,1056.61,VNINDEX
2021-02-01,1035.51,VNINDEX
2021-02-02,1075.53,VNINDEX
2021-02-03,1111.29,VNINDEX
2021-02-04,1112.19,VNINDEX
2021-02-05,1126.91,VNINDEX
2021-02-08,1083.18,VNINDEX
2021-02-09,1114.93,VNINDEX
2021-02-17,1155.78,VNINDEX
2021-02-18,1174.38,VNINDEX
2021-02-19,1173.5,VNINDEX
2021-02-22,1175.04,VNINDEX
2021-02-23,1177.64,VNINDEX
2021-02-24,1162.01,VNINDEX
2021-02-25,1165.43,VNINDEX
2021-02-26,1168.47,VNINDEX
2021-03-01,1186.17,VNINDEX
2021-03-02,1186.61,VNINDEX
2021-03-03,1186.95,VNINDEX
2021-03-04,1168.52,VNINDEX
2021-03-05,1168.69,VNINDEX
2021-03-08,1168.27,VNINDEX
2021-03-09,1161.97,VNINDEX
2021-03-10,1170.08,VNINDEX
2021-03-11,1181.73,VNINDEX
2021-03-12,1181.56,VNINDEX
2021-03-15,1184.56,VNINDEX
2021-03-16,1179.9,VNINDEX
2021-03-17,1186.09,VNINDEX
2021-03-18,1200.94,VNINDEX
2021-03-19,1194.05,VNINDEX
2021-03-22,1194.43,VNINDEX
2021-03-23,1183.45,VNINDEX
2021-03-24,1161.81,VNINDEX
2021-03-25,1163.1,VNINDEX
2021-03-26,1162.21,VNINDEX
2021-03-29,1175.68,VNINDEX
2021-03-30,1186.36,VNINDEX
2021-03-31,1191.44,VNINDEX
2021-04-01,1216.1,VNINDEX
2021-04-02,1224.45,VNINDEX
2021-04-05,1236.05,VNINDEX
2021-04-06,1239.96,VNINDEX
2021-04-07,1242.38,VNINDEX
2021-04-08,1234.89,VNINDEX
2021-04-09,1231.66,VNINDEX
2021-04-12,1252.45,VNINDEX
2021-04-13,1248.33,VNINDEX
2021-04-14,1255.87,VNINDEX
2021-04-15,1247.25,VNINDEX
2021-04-16,1238.71,VNINDEX
2021-04-19,1260.58,VNINDEX
2021-04-20,1268.28,VNINDEX
2021-04-22,1227.82,VNINDEX
2021-04-23,1248.53,VNINDEX
2021-04-26,1215.77,VNINDEX
2021-04-27,1219.75,VNINDEX
2021-04-28,1229.55,VNINDEX
2021-04-29,1239.39,VNINDEX
2021-05-04,1242.2,VNINDEX
2021-05-05,1256.43,VNINDEX
2021-05-06,1250.57,VNINDEX
2021-05-07,1241.81,VNINDEX
2021-05-10,1259.58,VNINDEX
2021-05-11,1256.04,VNINDEX
2021-05-12,1269.09,VNINDEX
2021-05-13,1261.99,VNINDEX
2021-05-14,1266.36,VNINDEX
2021-05-17,1258.7,VNINDEX
2021-05-18,1252.68,VNINDEX
2021-05-19,1262.49,VNINDEX
2021-05-20,1278.22,VNINDEX
2021-05-21,1283.93,VNINDEX
2021-05-24,1297.98,VNINDEX
2021-05-25,1308.58,VNINDEX
2021-05-26,1316.7,VNINDEX
2021-05-27,1303.57,VNINDEX
2021-05-28,1320.46,VNINDEX
2021-05-31,1328.05,VNINDEX
2021-06-01,1337.78,VNINDEX
2021-06-02,1340.78,VNINDEX
2021-06-03,1364.28,VNINDEX
2021-06-04,1374.05,VNINDEX
2021-06-07,1358.78,VNINDEX
2021-06-08,1319.88,VNINDEX
2021-06-09,1332.9,VNINDEX
2021-06-10,1323.58,VNINDEX
2021-06-11,1351.74,VNINDEX
2021-06-14,1361.72,VNINDEX
2021-06-15,1367.36,VNINDEX
2021-06-16,1356.52,VNINDEX
2021-06-17,1359.92,VNINDEX
2021-06-18,1377.77,VNINDEX
2021-06-21,1372.63,VNINDEX
2021-06-22,1379.97,VNINDEX
2021-06-23,1376.87,VNINDEX
2021-06-24,1379.72,VNINDEX
2021-06-25,1390.12,VNINDEX
2021-06-28,1405.81,VNINDEX
2021-06-29,1410.04,VNINDEX
2021-06-30,1408.55,VNINDEX
2021-07-01,1417.08,VNINDEX
2021-07-02,1420.27,VNINDEX
2021-07-05,1411.13,VNINDEX
2021-07-06,1354.79,VNINDEX
2021-07-07,1388.55,VNINDEX
2021-07-08,1374.68,VNINDEX
2021-07-09,1347.14,VNINDEX
2021-07-12,1296.3,VNINDEX
2021-07-13,1297.54,VNINDEX
2021-07-14,1279.91,VNINDEX
2021-07-15,1293.92,VNINDEX
2021-07-16,1299.31,VNINDEX
2021-07-19,1243.51,VNINDEX
2021-07-20,1273.29,VNINDEX
2021-07-21,1270.79,VNINDEX
2021-07-22,1293.67,VNINDEX
2021-07-23,1268.83,VNINDEX
2021-07-26,1272.71,VNINDEX
2021-07-27,1276.93,VNINDEX
2021-07-28,1277.07,VNINDEX
2021-07-29,1293.6,VNINDEX
2021-07-30,1310.05,VNINDEX
2021-08-02,1314.22,VNINDEX
2021-08-03,1332.44,VNINDEX
2021-08-04,1334.74,VNINDEX
2021-08-05,1345.55,VNINDEX
2021-08-06,1341.45,VNINDEX
2021-08-09,1359.86,VNINDEX
2021-08-10,1362.43,VNINDEX
2021-08-11,1357.79,VNINDEX
2021-08-12,1353.05,VNINDEX
2021-08-13,1357.05,VNINDEX
2021-08-16,1370.96,VNINDEX
2021-08-17,1363.09,VNINDEX
2021-08-18,1360.94,VNINDEX
2021-08-19,1374.85,VNINDEX
2021-08-20,1329.43,VNINDEX
2021-08-23,1298.86,VNINDEX
2021-08-24,1298.74,VNINDEX
2021-08-25,1309.55,VNINDEX
2021-08-26,1301.12,VNINDEX
2021-08-27,1313.2,VNINDEX
2021-08-30,1328.14,VNINDEX
2021-08-31,1331.47,VNINDEX
2021-09-01,1334.65,VNINDEX
2021-09-06,1346.39,VNINDEX
2021-09-07,1341.9,VNINDEX
2021-09-08,1333.61,VNINDEX
2021-09-09,1343.98,VNINDEX
2021-09-10,1345.31,VNINDEX
2021-09-13,1341.43,VNINDEX
2021-09-14,1339.7,VNINDEX
2021-09-15,1345.83,VNINDEX
2021-09-16,1345.87,VNINDEX
2021-09-17,1352.64,VNINDEX
2021-09-20,1350.48,VNINDEX
2021-09-21,1339.84,VNINDEX
2021-09-22,1350.68,VNINDEX
2021-09-23,1352.76,VNINDEX
2021-09-24,1351.17,VNINDEX
2021-09-27,1324.99,VNINDEX
2021-09-28,1339.31,VNINDEX
2021-09-29,1339.21,VNINDEX
2021-09-30,1342.06,VNINDEX
2021-10-01,1334.89,VNINDEX
2021-10-04,1339.54,VNINDEX
2021-10-05,1354.63,VNINDEX
2021-10-06,1362.82,VNINDEX
2021-10-07,1365.99,VNINDEX
2021-10-08,1372.73,VNINDEX
2021-10-11,1394.09,VNINDEX
2021-10-12,1394.8,VNINDEX
2021-10-13,1391.91,VNINDEX
2021-10-14,1391.85,VNINDEX
2021-10-15,1392.7,VNINDEX
2021-10-18,1395.53,VNINDEX
2021-10-19,1395.33,VNINDEX
2021-10-20,1393.8,VNINDEX
2021-10-21,1384.77,VNINDEX
2021-10-22,1389.24,VNINDEX
2021-10-25,1385.4,VNINDEX
2021-10-26,1391.63,VNINDEX
2021-10-27,1423.02,VNINDEX
2021-10-28,1438.01,VNINDEX
2021-10-29,1444.27,VNINDEX
2021-11-01,1438.97,VNINDEX
2021-11-02,1452.46,VNINDEX
2021-11-03,1444.3,VNINDEX
2021-11-04,1448.34,VNINDEX
2021-11-05,1456.51,VNINDEX
2021-11-08,1467.57,VNINDEX
2021-11-09,1461.5,VNINDEX
2021-11-10,1465.02,VNINDEX
2021-11-11,1462.35,VNINDEX
2021-11-12,1473.37,VNINDEX
2021-11-15,1476.57,VNINDEX
2021-11-16,1466.45,VNINDEX
2021-11-17,1475.85,VNINDEX
2021-11-18,1469.83,VNINDEX
2021-11-19,1452.35,VNINDEX
2021-11-22,1447.25,VNINDEX
2021-11-23,1463.63,VNINDEX
2021-11-24,1488.87,VNINDEX
2021-11-25,1500.81,VNINDEX
2021-11-26,1493.03,VNINDEX
2021-11-29,1484.84,VNINDEX
2021-11-30,1478.44,VNINDEX
2021-12-01,1485.19,VNINDEX
2021-12-02,1482.05,VNINDEX
2021-12-03,1443.32,VNINDEX
2021-12-06,1413.58,VNINDEX
2021-12-07,1446.77,VNINDEX
2021-12-08,1452.87,VNINDEX
2021-12-09,1467.98,VNINDEX
2021-12-10,1463.54,VNINDEX
2021-12-13,1476.21,VNINDEX
2021-12-14,1476.02,VNINDEX
2021-12-15,1475.5,VNINDEX
2021-12-16,1476.61,VNINDEX
2021-12-17,1479.79,VNINDEX
2021-12-20,1477.33,VNINDEX
2021-12-21,1478.74,VNINDEX
2021-12-22,1477.67,VNINDEX
2021-12-23,1456.96,VNINDEX
2021-12-24,1477.03,VNINDEX
2021-12-27,1488.88,VNINDEX
2021-12-28,1494.39,VNINDEX
2021-12-29,1485.82,VNINDEX
2021-12-30,1485.97,VNINDEX
2021-12-31,1498.28,VNINDEX
2022-01-04,1525.58,VNINDEX
2022-01-05,1522.5,VNINDEX
2022-01-06,1528.57,VNINDEX
2022-01-07,1528.48,VNINDEX
2022-01-10,1503.71,VNINDEX
2022-01-11,1492.31,VNINDEX
2022-01-12,1510.51,VNINDEX
2022-01-13,1496.05,VNINDEX
2022-01-14,1496.02,VNINDEX
2022-01-17,1452.84,VNINDEX
2022-01-18,1438.94,VNINDEX
2022-01-19,1442.79,VNINDEX
2022-01-20,1465.3,VNINDEX
2022-01-21,1472.89,VNINDEX
2022-01-24,1439.71,VNINDEX
2022-01-25,1479.58,VNINDEX
2022-01-26,1481.58,VNINDEX
2022-01-27,1470.76,VNINDEX
2022-01-28,1478.96,VNINDEX
2022-02-07,1497.66,VNINDEX
2022-02-08,1500.99,VNINDEX
2022-02-09,1505.38,VNINDEX
2022-02-10,1506.79,VNINDEX
2022-02-11,1501.71,VNINDEX
2022-02-14,1471.96,VNINDEX
2022-02-15,1492.75,VNINDEX
2022-02-16,1492.1,VNINDEX
2022-02-17,1507.99,VNINDEX
2022-02-18,1504.84,VNINDEX
2022-02-21,1510.84,VNINDEX
2022-02-22,1503.47,VNINDEX
2022-02-23,1512.3,VNINDEX
2022-02-24,1494.85,VNINDEX
2022-02-25,1498.89,VNINDEX
2022-02-28,1490.13,VNINDEX
2022-03-01,1498.78,VNINDEX
2022-03-02,1485.52,VNINDEX
2022-03-03,1505.0,VNINDEX
2022-03-04,1505.33,VNINDEX
2022-03-07,1499.05,VNINDEX
2022-03-08,1473.71,VNINDEX
2022-03-09,1473.74,VNINDEX
2022-03-10,1479.08,VNINDEX
2022-03-11,1466.54,VNINDEX
2022-03-14,1446.25,VNINDEX
2022-03-15,1452.74,VNINDEX
2022-03-16,1459.33,VNINDEX
2022-03-17,1461.34,VNINDEX
2022-03-18,1469.1,VNINDEX
2022-03-21,1494.95,VNINDEX
2022-03-22,1503.78,VNINDEX
2022-03-23,1502.34,VNINDEX
2022-03-24,1498.26,VNINDEX
2022-03-25,1498.5,VNINDEX
2022-03-28,1483.18,VNINDEX
2022-03-29,1497.76,VNINDEX
2022-03-30,1490.51,VNINDEX
2022-03-31,1492.15,VNINDEX
2022-04-01,1516.44,VNINDEX
2022-04-04,1524.7,VNINDEX
2022-04-05,1520.03,VNINDEX
2022-04-06,1522.9,VNINDEX
2022-04-07,1502.35,VNINDEX
2022-04-08,1482.0,VNINDEX
2022-04-12,1455.25,VNINDEX
2022-04-13,1477.2,VNINDEX
2022-04-14,1472.12,VNINDEX
2022-04-15,1458.56,VNINDEX
2022-04-18,1432.6,VNINDEX
2022-04-19,1406.45,VNINDEX
2022-04-20,1384.72,VNINDEX
2022-04-21,1370.21,VNINDEX
2022-04-22,1379.23,VNINDEX
2022-04-25,1310.92,VNINDEX
2022-04-26,1341.34,VNINDEX
2022-04-27,1353.77,VNINDEX
2022-04-28,1350.99,VNINDEX
2022-04-29,1366.8,VNINDEX
2022-05-04,1348.68,VNINDEX
2022-05-05,1360.68,VNINDEX
2022-05-06,1329.26,VNINDEX
2022-05-09,1269.62,VNINDEX
2022-05-10,1293.56,VNINDEX
2022-05-11,1301.53,VNINDEX
2022-05-12,1238.84,VNINDEX
2022-05-13,1182.77,VNINDEX
2022-05-16,1171.95,VNINDEX
2022-05-17,1228.37,VNINDEX
2022-05-18,1240.76,VNINDEX
2022-05-19,1241.64,VNINDEX
2022-05-20,1240.71,VNINDEX
2022-05-23,1218.81,VNINDEX
2022-05-24,1233.38,VNINDEX
2022-05-25,1268.43,VNINDEX
2022-05-26,1268.57,VNINDEX
2022-05-27,1285.45,VNINDEX
2022-05-30,1293.92,VNINDEX
2022-05-31,1292.68,VNINDEX
2022-06-01,1299.52,VNINDEX
2022-06-02,1288.62,VNINDEX
2022-06-03,1287.98,VNINDEX
2022-06-06,1290.01,VNINDEX
2022-06-07,1291.35,VNINDEX
2022-06-08,1307.91,VNINDEX
2022-06-09,1307.8,VNINDEX
2022-06-10,1284.08,VNINDEX
2022-06-13,1227.04,VNINDEX
2022-06-14,1230.31,VNINDEX
2022-06-15,1213.93,VNINDEX
2022-06-16,1236.63,VNINDEX
2022-06-17,1217.3,VNINDEX
2022-06-20,1180.4,VNINDEX
2022-06-21,1172.47,VNINDEX
2022-06-22,1169.27,VNINDEX
2022-06-23,1188.88,VNINDEX
2022-06-24,1185.48,VNINDEX
2022-06-27,1202.82,VNINDEX
2022-06-28,1218.1,VNINDEX
2022-06-29,1218.09,VNINDEX
2022-06-30,1197.6,VNINDEX
2022-07-01,1198.9,VNINDEX
2022-07-04,1195.53,VNINDEX
2022-07-05,1181.29,VNINDEX
2022-07-06,1149.61,VNINDEX
2022-07-07,1166.48,VNINDEX
2022-07-08,1171.31,VNINDEX
2022-07-11,1155.29,VNINDEX
2022-07-12,1174.82,VNINDEX
2022-07-13,1173.92,VNINDEX
2022-07-14,1182.17,VNINDEX
2022-07-15,1179.25,VNINDEX
2022-07-18,1176.49,VNINDEX
2022-07-19,1178.33,VNINDEX
2022-07-20,1194.14,VNINDEX
2022-07-21,1198.47,VNINDEX
2022-07-22,1194.76,VNINDEX
2022-07-25,1188.5,VNINDEX
2022-07-26,1185.07,VNINDEX
2022-07-27,1191.04,VNINDEX
2022-07-28,1208.12,VNINDEX
2022-07-29,1206.33,VNINDEX
2022-08-01,1231.35,VNINDEX
2022-08-02,1241.62,VNINDEX
2022-08-03,1249.76,VNINDEX
2022-08-04,1254.15,VNINDEX
2022-08-05,1252.74,VNINDEX
2022-08-08,1256.75,VNINDEX
2022-08-09,1258.85,VNINDEX
2022-08-10,1256.5,VNINDEX
2022-08-11,1252.07,VNINDEX
2022-08-12,1262.33,VNINDEX
2022-08-15,1274.2,VNINDEX
2022-08-16,1274.69,VNINDEX
2022-08-17,1275.28,VNINDEX
2022-08-18,1273.66,VNINDEX
2022-08-19,1269.18,VNINDEX
2022-08-22,1260.43,VNINDEX
2022-08-23,1270.81,VNINDEX
2022-08-24,1277.16,VNINDEX
2022-08-25,1288.88,VNINDEX
2022-08-26,1282.57,VNINDEX
2022-08-29,1270.8,VNINDEX
2022-08-30,1279.39,VNINDEX
2022-08-31,1280.51,VNINDEX
2022-09-05,1277.35,VNINDEX
2022-09-06,1277.4,VNINDEX
2022-09-07,1243.17,VNINDEX
2022-09-08,1234.6,VNINDEX
2022-09-09,1248.78,VNINDEX
2022-09-12,1249.62,VNINDEX
2022-09-13,1248.4,VNINDEX
2022-09-14,1240.77,VNINDEX
2022-09-15,1245.66,VNINDEX
2022-09-16,1234.03,VNINDEX
2022-09-19,1205.43,VNINDEX
2022-09-20,1218.93,VNINDEX
2022-09-21,1210.55,VNINDEX
2022-09-22,1214.7,VNINDEX
2022-09-23,1203.28,VNINDEX
2022-09-26,1174.35,VNINDEX
2022-09-27,1166.54,VNINDEX
2022-09-28,1143.62,VNINDEX
2022-09-29,1126.07,VNINDEX
2022-09-30,1132.11,VNINDEX
2022-10-03,1086.44,VNINDEX
2022-10-04,1078.14,VNINDEX
2022-10-05,1104.26,VNINDEX
2022-10-06,1074.52,VNINDEX
2022-10-07,1035.91,VNINDEX
2022-10-10,1042.48,VNINDEX
2022-10-11,1006.2,VNINDEX
2022-10-12,1034.81,VNINDEX
2022-10-13,1050.99,VNINDEX
2022-10-14,1061.85,VNINDEX
2022-10-17,1051.58,VNINDEX
2022-10-18,1063.66,VNINDEX
2022-10-19,1060.07,VNINDEX
2022-10-20,1058.45,VNINDEX
2022-10-21,1019.82,VNINDEX
2022-10-24,986.15,VNINDEX
2022-10-25,997.7,VNINDEX
2022-10-26,993.36,VNINDEX
2022-10-27,1028.01,VNINDEX
2022-10-28,1027.36,VNINDEX
2022-10-31,1027.94,VNINDEX
2022-11-01,1033.75,VNINDEX
2022-11-02,1023.19,VNINDEX
2022-11-03,1019.81,VNINDEX
2022-11-04,997.15,VNINDEX
2022-11-07,975.19,VNINDEX
2022-11-08,981.65,VNINDEX
2022-11-09,985.59,VNINDEX
2022-11-10,947.24,VNINDEX
2022-11-11,954.53,VNINDEX
2022-11-14,941.04,VNINDEX
2022-11-15,911.9,VNINDEX
2022-11-16,942.9,VNINDEX
2022-11-17,969.26,VNINDEX
2022-11-18,969.33,VNINDEX
2022-11-21,960.65,VNINDEX
2022-11-22,952.12,VNINDEX
2022-11-23,946.0,VNINDEX
2022-11-24,947.71,VNINDEX
2022-11-25,971.46,VNINDEX
2022-11-28,1005.69,VNINDEX
2022-11-29,1032.16,VNINDEX
2022-11-30,1048.42,VNINDEX
2022-12-01,1036.28,VNINDEX
2022-12-02,1080.01,VNINDEX
2022-12-05,1093.67,VNINDEX
2022-12-06,1048.69,VNINDEX
2022-12-07,1041.02,VNINDEX
2022-12-08,1050.53,VNINDEX
2022-12-09,1051.81,VNINDEX
2022-12-12,1032.07,VNINDEX
2022-12-13,1047.45,VNINDEX
2022-12-14,1050.43,VNINDEX
2022-12-15,1055.32,VNINDEX
2022-12-16,1052.48,VNINDEX
2022-12-19,1038.4,VNINDEX
2022-12-20,1023.13,VNINDEX
2022-12-21,1018.88,VNINDEX
2022-12-22,1022.61,VNINDEX
2022-12-23,1020.34,VNINDEX
2022-12-26,985.21,VNINDEX
2022-12-27,1004.57,VNINDEX
2022-12-28,1015.66,VNINDEX
2022-12-29,1009.29,VNINDEX
2022-12-30,1007.09,VNINDEX
2023-01-03,1043.9,VNINDEX
2023-01-04,1046.35,VNINDEX
2023-01-05,1055.82,VNINDEX
2023-01-06,1051.44,VNINDEX
2023-01-09,1054.21,VNINDEX
2023-01-10,1053.35,VNINDEX
2023-01-11,1055.76,VNINDEX
2023-01-12,1056.39,VNINDEX
2023-01-13,1060.17,VNINDEX
2023-01-16,1066.68,VNINDEX
2023-01-17,1088.29,VNINDEX
2023-01-18,1098.28,VNINDEX
2023-01-19,1108.08,VNINDEX
2023-01-27,1117.1,VNINDEX
2023-01-30,1102.57,VNINDEX
2023-01-31,1111.18,VNINDEX
2023-02-01,1075.97,VNINDEX
2023-02-02,1077.59,VNINDEX
2023-02-03,1077.15,VNINDEX
2023-02-06,1089.29,VNINDEX
2023-02-07,1065.84,VNINDEX
2023-02-08,1072.22,VNINDEX
2023-02-09,1064.03,VNINDEX
2023-02-10,1055.3,VNINDEX
2023-02-13,1043.7,VNINDEX
2023-02-14,1038.64,VNINDEX
2023-02-15,1048.2,VNINDEX
2023-02-16,1058.29,VNINDEX
2023-02-17,1059.31,VNINDEX
2023-02-20,1086.69,VNINDEX
2023-02-21,1082.23,VNINDEX
2023-02-22,1054.28,VNINDEX
2023-02-23,1053.66,VNINDEX
2023-02-24,1039.56,VNINDEX
2023-02-27,1021.25,VNINDEX
2023-02-28,1024.68,VNINDEX
2023-03-01,1040.55,VNINDEX
2023-03-02,1037.61,VNINDEX
2023-03-03,1024.77,VNINDEX
2023-03-06,1027.18,VNINDEX
2023-03-07,1037.84,VNINDEX
2023-03-08,1049.18,VNINDEX
2023-03-09,1055.95,VNINDEX
2023-03-10,1053.0,VNINDEX
2023-03-13,1052.8,VNINDEX
2023-03-14,1040.13,VNINDEX
2023-03-15,1062.19,VNINDEX
2023-03-16,1047.4,VNINDEX
2023-03-17,1045.14,VNINDEX
2023-03-20,1023.1,VNINDEX
2023-03-21,1032.43,VNINDEX
2023-03-22,1040.54,VNINDEX
